Model loaded successfully.
encoded_image_string_tensor
map/Shape
map/strided_slice/stack
map/strided_slice/stack_1
map/strided_slice/stack_2
map/strided_slice
map/TensorArray
map/TensorArrayUnstack/Shape
map/TensorArrayUnstack/strided_slice/stack
map/TensorArrayUnstack/strided_slice/stack_1
map/TensorArrayUnstack/strided_slice/stack_2
map/TensorArrayUnstack/strided_slice
map/TensorArrayUnstack/range/start
map/TensorArrayUnstack/range/delta
map/TensorArrayUnstack/range
map/TensorArrayUnstack/TensorArrayScatter/TensorArrayScatterV3
map/Const
map/TensorArray_1
map/while/iteration_counter
map/while/Enter
map/while/Enter_1
map/while/Enter_2
map/while/Merge
map/while/Merge_1
map/while/Merge_2
map/while/Less/Enter
map/while/Less
map/while/Less_1
map/while/LogicalAnd
map/while/LoopCond
map/while/Switch
map/while/Switch_1
map/while/Switch_2
map/while/Identity
map/while/Identity_1
map/while/Identity_2
map/while/add/y
map/while/add
map/while/TensorArrayReadV3/Enter
map/while/TensorArrayReadV3/Enter_1
map/while/TensorArrayReadV3
map/while/decode_image/Substr/pos
map/while/decode_image/Substr/len
map/while/decode_image/Substr
map/while/decode_image/is_jpeg/Substr/pos
map/while/decode_image/is_jpeg/Substr/len
map/while/decode_image/is_jpeg/Substr
map/while/decode_image/is_jpeg/Equal/y
map/while/decode_image/is_jpeg/Equal
map/while/decode_image/cond_jpeg/Switch
map/while/decode_image/cond_jpeg/switch_t
map/while/decode_image/cond_jpeg/switch_f
map/while/decode_image/cond_jpeg/pred_id
map/while/decode_image/cond_jpeg/check_jpeg_channels/x
map/while/decode_image/cond_jpeg/check_jpeg_channels/y
map/while/decode_image/cond_jpeg/check_jpeg_channels
map/while/decode_image/cond_jpeg/Assert/Assert/data_0
map/while/decode_image/cond_jpeg/Assert/Assert
map/while/decode_image/cond_jpeg/DecodeJpeg/Switch
map/while/decode_image/cond_jpeg/DecodeJpeg
map/while/decode_image/cond_jpeg/Identity
map/while/decode_image/cond_jpeg/is_png/Substr/pos
map/while/decode_image/cond_jpeg/is_png/Substr/len
map/while/decode_image/cond_jpeg/is_png/Substr/Switch
map/while/decode_image/cond_jpeg/is_png/Substr
map/while/decode_image/cond_jpeg/is_png/Equal/y
map/while/decode_image/cond_jpeg/is_png/Equal
map/while/decode_image/cond_jpeg/cond_png/Switch
map/while/decode_image/cond_jpeg/cond_png/switch_f
map/while/decode_image/cond_jpeg/cond_png/pred_id
map/while/decode_image/cond_jpeg/cond_png/DecodePng/Switch
map/while/decode_image/cond_jpeg/cond_png/DecodePng
map/while/decode_image/cond_jpeg/cond_png/Identity
map/while/decode_image/cond_jpeg/cond_png/is_gif/y
map/while/decode_image/cond_jpeg/cond_png/is_gif/Switch
map/while/decode_image/cond_jpeg/cond_png/is_gif/Switch_1
map/while/decode_image/cond_jpeg/cond_png/is_gif
map/while/decode_image/cond_jpeg/cond_png/cond_gif/Switch
map/while/decode_image/cond_jpeg/cond_png/cond_gif/switch_t
map/while/decode_image/cond_jpeg/cond_png/cond_gif/switch_f
map/while/decode_image/cond_jpeg/cond_png/cond_gif/pred_id
map/while/decode_image/cond_jpeg/cond_png/cond_gif/check_gif_channels/x
map/while/decode_image/cond_jpeg/cond_png/cond_gif/check_gif_channels/y
map/while/decode_image/cond_jpeg/cond_png/cond_gif/check_gif_channels
map/while/decode_image/cond_jpeg/cond_png/cond_gif/check_gif_channels_1/x
map/while/decode_image/cond_jpeg/cond_png/cond_gif/check_gif_channels_1/y
map/while/decode_image/cond_jpeg/cond_png/cond_gif/check_gif_channels_1
map/while/decode_image/cond_jpeg/cond_png/cond_gif/LogicalAnd
map/while/decode_image/cond_jpeg/cond_png/cond_gif/Assert/Assert/data_0
map/while/decode_image/cond_jpeg/cond_png/cond_gif/Assert/Assert
map/while/decode_image/cond_jpeg/cond_png/cond_gif/DecodeGif/Switch
map/while/decode_image/cond_jpeg/cond_png/cond_gif/DecodeGif/Switch_1
map/while/decode_image/cond_jpeg/cond_png/cond_gif/DecodeGif
map/while/decode_image/cond_jpeg/cond_png/cond_gif/Identity
map/while/decode_image/cond_jpeg/cond_png/cond_gif/Substr/pos
map/while/decode_image/cond_jpeg/cond_png/cond_gif/Substr/len
map/while/decode_image/cond_jpeg/cond_png/cond_gif/Substr/Switch
map/while/decode_image/cond_jpeg/cond_png/cond_gif/Substr
map/while/decode_image/cond_jpeg/cond_png/cond_gif/is_bmp/y
map/while/decode_image/cond_jpeg/cond_png/cond_gif/is_bmp
map/while/decode_image/cond_jpeg/cond_png/cond_gif/Assert_1/Assert/data_0
map/while/decode_image/cond_jpeg/cond_png/cond_gif/Assert_1/Assert
map/while/decode_image/cond_jpeg/cond_png/cond_gif/check_channels/x
map/while/decode_image/cond_jpeg/cond_png/cond_gif/check_channels/y
map/while/decode_image/cond_jpeg/cond_png/cond_gif/check_channels
map/while/decode_image/cond_jpeg/cond_png/cond_gif/Assert_2/Assert/data_0
map/while/decode_image/cond_jpeg/cond_png/cond_gif/Assert_2/Assert
map/while/decode_image/cond_jpeg/cond_png/cond_gif/DecodeBmp
map/while/decode_image/cond_jpeg/cond_png/cond_gif/Identity_1
map/while/decode_image/cond_jpeg/cond_png/cond_gif/Merge
map/while/decode_image/cond_jpeg/cond_png/Merge
map/while/decode_image/cond_jpeg/Merge
map/while/TensorArrayWrite/TensorArrayWriteV3/Enter
map/while/TensorArrayWrite/TensorArrayWriteV3
map/while/add_1/y
map/while/add_1
map/while/NextIteration
map/while/NextIteration_1
map/while/NextIteration_2
map/while/Exit_2
map/TensorArrayStack/TensorArraySizeV3
map/TensorArrayStack/range/start
map/TensorArrayStack/range/delta
map/TensorArrayStack/range
map/TensorArrayStack/TensorArrayGatherV3
Cast
Preprocessor/map/Shape
Preprocessor/map/strided_slice/stack
Preprocessor/map/strided_slice/stack_1
Preprocessor/map/strided_slice/stack_2
Preprocessor/map/strided_slice
Preprocessor/map/TensorArray
Preprocessor/map/TensorArrayUnstack/Shape
Preprocessor/map/TensorArrayUnstack/strided_slice/stack
Preprocessor/map/TensorArrayUnstack/strided_slice/stack_1
Preprocessor/map/TensorArrayUnstack/strided_slice/stack_2
Preprocessor/map/TensorArrayUnstack/strided_slice
Preprocessor/map/TensorArrayUnstack/range/start
Preprocessor/map/TensorArrayUnstack/range/delta
Preprocessor/map/TensorArrayUnstack/range
Preprocessor/map/TensorArrayUnstack/TensorArrayScatter/TensorArrayScatterV3
Preprocessor/map/Const
Preprocessor/map/TensorArray_1
Preprocessor/map/TensorArray_2
Preprocessor/map/while/iteration_counter
Preprocessor/map/while/Enter
Preprocessor/map/while/Enter_1
Preprocessor/map/while/Enter_2
Preprocessor/map/while/Enter_3
Preprocessor/map/while/Merge
Preprocessor/map/while/Merge_1
Preprocessor/map/while/Merge_2
Preprocessor/map/while/Merge_3
Preprocessor/map/while/Less/Enter
Preprocessor/map/while/Less
Preprocessor/map/while/Less_1
Preprocessor/map/while/LogicalAnd
Preprocessor/map/while/LoopCond
Preprocessor/map/while/Switch
Preprocessor/map/while/Switch_1
Preprocessor/map/while/Switch_2
Preprocessor/map/while/Switch_3
Preprocessor/map/while/Identity
Preprocessor/map/while/Identity_1
Preprocessor/map/while/Identity_2
Preprocessor/map/while/Identity_3
Preprocessor/map/while/add/y
Preprocessor/map/while/add
Preprocessor/map/while/TensorArrayReadV3/Enter
Preprocessor/map/while/TensorArrayReadV3/Enter_1
Preprocessor/map/while/TensorArrayReadV3
Preprocessor/map/while/ResizeImage/stack
Preprocessor/map/while/ResizeImage/resize/ExpandDims/dim
Preprocessor/map/while/ResizeImage/resize/ExpandDims
Preprocessor/map/while/ResizeImage/resize/ResizeBilinear
Preprocessor/map/while/ResizeImage/resize/Squeeze
Preprocessor/map/while/ResizeImage/stack_1
Preprocessor/map/while/TensorArrayWrite/TensorArrayWriteV3/Enter
Preprocessor/map/while/TensorArrayWrite/TensorArrayWriteV3
Preprocessor/map/while/TensorArrayWrite_1/TensorArrayWriteV3/Enter
Preprocessor/map/while/TensorArrayWrite_1/TensorArrayWriteV3
Preprocessor/map/while/add_1/y
Preprocessor/map/while/add_1
Preprocessor/map/while/NextIteration
Preprocessor/map/while/NextIteration_1
Preprocessor/map/while/NextIteration_2
Preprocessor/map/while/NextIteration_3
Preprocessor/map/while/Exit_2
Preprocessor/map/while/Exit_3
Preprocessor/map/TensorArrayStack/TensorArraySizeV3
Preprocessor/map/TensorArrayStack/range/start
Preprocessor/map/TensorArrayStack/range/delta
Preprocessor/map/TensorArrayStack/range
Preprocessor/map/TensorArrayStack/TensorArrayGatherV3
Preprocessor/map/TensorArrayStack_1/TensorArraySizeV3
Preprocessor/map/TensorArrayStack_1/range/start
Preprocessor/map/TensorArrayStack_1/range/delta
Preprocessor/map/TensorArrayStack_1/range
Preprocessor/map/TensorArrayStack_1/TensorArrayGatherV3
Preprocessor/mul/x
Preprocessor/mul
Preprocessor/sub/y
Preprocessor/sub
FeatureExtractor/MobilenetV1/Conv2d_0/weights
FeatureExtractor/MobilenetV1/Conv2d_0/weights/read
FeatureExtractor/MobilenetV1/MobilenetV1/Conv2d_0/Conv2D
FeatureExtractor/MobilenetV1/Conv2d_0/BatchNorm/gamma
FeatureExtractor/MobilenetV1/Conv2d_0/BatchNorm/gamma/read
FeatureExtractor/MobilenetV1/Conv2d_0/BatchNorm/beta
FeatureExtractor/MobilenetV1/Conv2d_0/BatchNorm/beta/read
FeatureExtractor/MobilenetV1/Conv2d_0/BatchNorm/moving_mean
FeatureExtractor/MobilenetV1/Conv2d_0/BatchNorm/moving_mean/read
FeatureExtractor/MobilenetV1/Conv2d_0/BatchNorm/moving_variance
FeatureExtractor/MobilenetV1/Conv2d_0/BatchNorm/moving_variance/read
FeatureExtractor/MobilenetV1/MobilenetV1/Conv2d_0/BatchNorm/FusedBatchNorm
FeatureExtractor/MobilenetV1/MobilenetV1/Conv2d_0/Relu6
FeatureExtractor/MobilenetV1/Conv2d_1_depthwise/depthwise_weights
FeatureExtractor/MobilenetV1/Conv2d_1_depthwise/depthwise_weights/read
FeatureExtractor/MobilenetV1/MobilenetV1/Conv2d_1_depthwise/depthwise
FeatureExtractor/MobilenetV1/Conv2d_1_depthwise/BatchNorm/gamma
FeatureExtractor/MobilenetV1/Conv2d_1_depthwise/BatchNorm/gamma/read
FeatureExtractor/MobilenetV1/Conv2d_1_depthwise/BatchNorm/beta
FeatureExtractor/MobilenetV1/Conv2d_1_depthwise/BatchNorm/beta/read
FeatureExtractor/MobilenetV1/Conv2d_1_depthwise/BatchNorm/moving_mean
FeatureExtractor/MobilenetV1/Conv2d_1_depthwise/BatchNorm/moving_mean/read
FeatureExtractor/MobilenetV1/Conv2d_1_depthwise/BatchNorm/moving_variance
FeatureExtractor/MobilenetV1/Conv2d_1_depthwise/BatchNorm/moving_variance/read
FeatureExtractor/MobilenetV1/MobilenetV1/Conv2d_1_depthwise/BatchNorm/FusedBatchNorm
FeatureExtractor/MobilenetV1/MobilenetV1/Conv2d_1_depthwise/Relu6
FeatureExtractor/MobilenetV1/Conv2d_1_pointwise/weights
FeatureExtractor/MobilenetV1/Conv2d_1_pointwise/weights/read
FeatureExtractor/MobilenetV1/MobilenetV1/Conv2d_1_pointwise/Conv2D
FeatureExtractor/MobilenetV1/Conv2d_1_pointwise/BatchNorm/gamma
FeatureExtractor/MobilenetV1/Conv2d_1_pointwise/BatchNorm/gamma/read
FeatureExtractor/MobilenetV1/Conv2d_1_pointwise/BatchNorm/beta
FeatureExtractor/MobilenetV1/Conv2d_1_pointwise/BatchNorm/beta/read
FeatureExtractor/MobilenetV1/Conv2d_1_pointwise/BatchNorm/moving_mean
FeatureExtractor/MobilenetV1/Conv2d_1_pointwise/BatchNorm/moving_mean/read
FeatureExtractor/MobilenetV1/Conv2d_1_pointwise/BatchNorm/moving_variance
FeatureExtractor/MobilenetV1/Conv2d_1_pointwise/BatchNorm/moving_variance/read
FeatureExtractor/MobilenetV1/MobilenetV1/Conv2d_1_pointwise/BatchNorm/FusedBatchNorm
FeatureExtractor/MobilenetV1/MobilenetV1/Conv2d_1_pointwise/Relu6
FeatureExtractor/MobilenetV1/Conv2d_2_depthwise/depthwise_weights
FeatureExtractor/MobilenetV1/Conv2d_2_depthwise/depthwise_weights/read
FeatureExtractor/MobilenetV1/MobilenetV1/Conv2d_2_depthwise/depthwise
FeatureExtractor/MobilenetV1/Conv2d_2_depthwise/BatchNorm/gamma
FeatureExtractor/MobilenetV1/Conv2d_2_depthwise/BatchNorm/gamma/read
FeatureExtractor/MobilenetV1/Conv2d_2_depthwise/BatchNorm/beta
FeatureExtractor/MobilenetV1/Conv2d_2_depthwise/BatchNorm/beta/read
FeatureExtractor/MobilenetV1/Conv2d_2_depthwise/BatchNorm/moving_mean
FeatureExtractor/MobilenetV1/Conv2d_2_depthwise/BatchNorm/moving_mean/read
FeatureExtractor/MobilenetV1/Conv2d_2_depthwise/BatchNorm/moving_variance
FeatureExtractor/MobilenetV1/Conv2d_2_depthwise/BatchNorm/moving_variance/read
FeatureExtractor/MobilenetV1/MobilenetV1/Conv2d_2_depthwise/BatchNorm/FusedBatchNorm
FeatureExtractor/MobilenetV1/MobilenetV1/Conv2d_2_depthwise/Relu6
FeatureExtractor/MobilenetV1/Conv2d_2_pointwise/weights
FeatureExtractor/MobilenetV1/Conv2d_2_pointwise/weights/read
FeatureExtractor/MobilenetV1/MobilenetV1/Conv2d_2_pointwise/Conv2D
FeatureExtractor/MobilenetV1/Conv2d_2_pointwise/BatchNorm/gamma
FeatureExtractor/MobilenetV1/Conv2d_2_pointwise/BatchNorm/gamma/read
FeatureExtractor/MobilenetV1/Conv2d_2_pointwise/BatchNorm/beta
FeatureExtractor/MobilenetV1/Conv2d_2_pointwise/BatchNorm/beta/read
FeatureExtractor/MobilenetV1/Conv2d_2_pointwise/BatchNorm/moving_mean
FeatureExtractor/MobilenetV1/Conv2d_2_pointwise/BatchNorm/moving_mean/read
FeatureExtractor/MobilenetV1/Conv2d_2_pointwise/BatchNorm/moving_variance
FeatureExtractor/MobilenetV1/Conv2d_2_pointwise/BatchNorm/moving_variance/read
FeatureExtractor/MobilenetV1/MobilenetV1/Conv2d_2_pointwise/BatchNorm/FusedBatchNorm
FeatureExtractor/MobilenetV1/MobilenetV1/Conv2d_2_pointwise/Relu6
FeatureExtractor/MobilenetV1/Conv2d_3_depthwise/depthwise_weights
FeatureExtractor/MobilenetV1/Conv2d_3_depthwise/depthwise_weights/read
FeatureExtractor/MobilenetV1/MobilenetV1/Conv2d_3_depthwise/depthwise
FeatureExtractor/MobilenetV1/Conv2d_3_depthwise/BatchNorm/gamma
FeatureExtractor/MobilenetV1/Conv2d_3_depthwise/BatchNorm/gamma/read
FeatureExtractor/MobilenetV1/Conv2d_3_depthwise/BatchNorm/beta
FeatureExtractor/MobilenetV1/Conv2d_3_depthwise/BatchNorm/beta/read
FeatureExtractor/MobilenetV1/Conv2d_3_depthwise/BatchNorm/moving_mean
FeatureExtractor/MobilenetV1/Conv2d_3_depthwise/BatchNorm/moving_mean/read
FeatureExtractor/MobilenetV1/Conv2d_3_depthwise/BatchNorm/moving_variance
FeatureExtractor/MobilenetV1/Conv2d_3_depthwise/BatchNorm/moving_variance/read
FeatureExtractor/MobilenetV1/MobilenetV1/Conv2d_3_depthwise/BatchNorm/FusedBatchNorm
FeatureExtractor/MobilenetV1/MobilenetV1/Conv2d_3_depthwise/Relu6
FeatureExtractor/MobilenetV1/Conv2d_3_pointwise/weights
FeatureExtractor/MobilenetV1/Conv2d_3_pointwise/weights/read
FeatureExtractor/MobilenetV1/MobilenetV1/Conv2d_3_pointwise/Conv2D
FeatureExtractor/MobilenetV1/Conv2d_3_pointwise/BatchNorm/gamma
FeatureExtractor/MobilenetV1/Conv2d_3_pointwise/BatchNorm/gamma/read
FeatureExtractor/MobilenetV1/Conv2d_3_pointwise/BatchNorm/beta
FeatureExtractor/MobilenetV1/Conv2d_3_pointwise/BatchNorm/beta/read
FeatureExtractor/MobilenetV1/Conv2d_3_pointwise/BatchNorm/moving_mean
FeatureExtractor/MobilenetV1/Conv2d_3_pointwise/BatchNorm/moving_mean/read
FeatureExtractor/MobilenetV1/Conv2d_3_pointwise/BatchNorm/moving_variance
FeatureExtractor/MobilenetV1/Conv2d_3_pointwise/BatchNorm/moving_variance/read
FeatureExtractor/MobilenetV1/MobilenetV1/Conv2d_3_pointwise/BatchNorm/FusedBatchNorm
FeatureExtractor/MobilenetV1/MobilenetV1/Conv2d_3_pointwise/Relu6
FeatureExtractor/MobilenetV1/Conv2d_4_depthwise/depthwise_weights
FeatureExtractor/MobilenetV1/Conv2d_4_depthwise/depthwise_weights/read
FeatureExtractor/MobilenetV1/MobilenetV1/Conv2d_4_depthwise/depthwise
FeatureExtractor/MobilenetV1/Conv2d_4_depthwise/BatchNorm/gamma
FeatureExtractor/MobilenetV1/Conv2d_4_depthwise/BatchNorm/gamma/read
FeatureExtractor/MobilenetV1/Conv2d_4_depthwise/BatchNorm/beta
FeatureExtractor/MobilenetV1/Conv2d_4_depthwise/BatchNorm/beta/read
FeatureExtractor/MobilenetV1/Conv2d_4_depthwise/BatchNorm/moving_mean
FeatureExtractor/MobilenetV1/Conv2d_4_depthwise/BatchNorm/moving_mean/read
FeatureExtractor/MobilenetV1/Conv2d_4_depthwise/BatchNorm/moving_variance
FeatureExtractor/MobilenetV1/Conv2d_4_depthwise/BatchNorm/moving_variance/read
FeatureExtractor/MobilenetV1/MobilenetV1/Conv2d_4_depthwise/BatchNorm/FusedBatchNorm
FeatureExtractor/MobilenetV1/MobilenetV1/Conv2d_4_depthwise/Relu6
FeatureExtractor/MobilenetV1/Conv2d_4_pointwise/weights
FeatureExtractor/MobilenetV1/Conv2d_4_pointwise/weights/read
FeatureExtractor/MobilenetV1/MobilenetV1/Conv2d_4_pointwise/Conv2D
FeatureExtractor/MobilenetV1/Conv2d_4_pointwise/BatchNorm/gamma
FeatureExtractor/MobilenetV1/Conv2d_4_pointwise/BatchNorm/gamma/read
FeatureExtractor/MobilenetV1/Conv2d_4_pointwise/BatchNorm/beta
FeatureExtractor/MobilenetV1/Conv2d_4_pointwise/BatchNorm/beta/read
FeatureExtractor/MobilenetV1/Conv2d_4_pointwise/BatchNorm/moving_mean
FeatureExtractor/MobilenetV1/Conv2d_4_pointwise/BatchNorm/moving_mean/read
FeatureExtractor/MobilenetV1/Conv2d_4_pointwise/BatchNorm/moving_variance
FeatureExtractor/MobilenetV1/Conv2d_4_pointwise/BatchNorm/moving_variance/read
FeatureExtractor/MobilenetV1/MobilenetV1/Conv2d_4_pointwise/BatchNorm/FusedBatchNorm
FeatureExtractor/MobilenetV1/MobilenetV1/Conv2d_4_pointwise/Relu6
FeatureExtractor/MobilenetV1/Conv2d_5_depthwise/depthwise_weights
FeatureExtractor/MobilenetV1/Conv2d_5_depthwise/depthwise_weights/read
FeatureExtractor/MobilenetV1/MobilenetV1/Conv2d_5_depthwise/depthwise
FeatureExtractor/MobilenetV1/Conv2d_5_depthwise/BatchNorm/gamma
FeatureExtractor/MobilenetV1/Conv2d_5_depthwise/BatchNorm/gamma/read
FeatureExtractor/MobilenetV1/Conv2d_5_depthwise/BatchNorm/beta
FeatureExtractor/MobilenetV1/Conv2d_5_depthwise/BatchNorm/beta/read
FeatureExtractor/MobilenetV1/Conv2d_5_depthwise/BatchNorm/moving_mean
FeatureExtractor/MobilenetV1/Conv2d_5_depthwise/BatchNorm/moving_mean/read
FeatureExtractor/MobilenetV1/Conv2d_5_depthwise/BatchNorm/moving_variance
FeatureExtractor/MobilenetV1/Conv2d_5_depthwise/BatchNorm/moving_variance/read
FeatureExtractor/MobilenetV1/MobilenetV1/Conv2d_5_depthwise/BatchNorm/FusedBatchNorm
FeatureExtractor/MobilenetV1/MobilenetV1/Conv2d_5_depthwise/Relu6
FeatureExtractor/MobilenetV1/Conv2d_5_pointwise/weights
FeatureExtractor/MobilenetV1/Conv2d_5_pointwise/weights/read
FeatureExtractor/MobilenetV1/MobilenetV1/Conv2d_5_pointwise/Conv2D
FeatureExtractor/MobilenetV1/Conv2d_5_pointwise/BatchNorm/gamma
FeatureExtractor/MobilenetV1/Conv2d_5_pointwise/BatchNorm/gamma/read
FeatureExtractor/MobilenetV1/Conv2d_5_pointwise/BatchNorm/beta
FeatureExtractor/MobilenetV1/Conv2d_5_pointwise/BatchNorm/beta/read
FeatureExtractor/MobilenetV1/Conv2d_5_pointwise/BatchNorm/moving_mean
FeatureExtractor/MobilenetV1/Conv2d_5_pointwise/BatchNorm/moving_mean/read
FeatureExtractor/MobilenetV1/Conv2d_5_pointwise/BatchNorm/moving_variance
FeatureExtractor/MobilenetV1/Conv2d_5_pointwise/BatchNorm/moving_variance/read
FeatureExtractor/MobilenetV1/MobilenetV1/Conv2d_5_pointwise/BatchNorm/FusedBatchNorm
FeatureExtractor/MobilenetV1/MobilenetV1/Conv2d_5_pointwise/Relu6
FeatureExtractor/MobilenetV1/Conv2d_6_depthwise/depthwise_weights
FeatureExtractor/MobilenetV1/Conv2d_6_depthwise/depthwise_weights/read
FeatureExtractor/MobilenetV1/MobilenetV1/Conv2d_6_depthwise/depthwise
FeatureExtractor/MobilenetV1/Conv2d_6_depthwise/BatchNorm/gamma
FeatureExtractor/MobilenetV1/Conv2d_6_depthwise/BatchNorm/gamma/read
FeatureExtractor/MobilenetV1/Conv2d_6_depthwise/BatchNorm/beta
FeatureExtractor/MobilenetV1/Conv2d_6_depthwise/BatchNorm/beta/read
FeatureExtractor/MobilenetV1/Conv2d_6_depthwise/BatchNorm/moving_mean
FeatureExtractor/MobilenetV1/Conv2d_6_depthwise/BatchNorm/moving_mean/read
FeatureExtractor/MobilenetV1/Conv2d_6_depthwise/BatchNorm/moving_variance
FeatureExtractor/MobilenetV1/Conv2d_6_depthwise/BatchNorm/moving_variance/read
FeatureExtractor/MobilenetV1/MobilenetV1/Conv2d_6_depthwise/BatchNorm/FusedBatchNorm
FeatureExtractor/MobilenetV1/MobilenetV1/Conv2d_6_depthwise/Relu6
FeatureExtractor/MobilenetV1/Conv2d_6_pointwise/weights
FeatureExtractor/MobilenetV1/Conv2d_6_pointwise/weights/read
FeatureExtractor/MobilenetV1/MobilenetV1/Conv2d_6_pointwise/Conv2D
FeatureExtractor/MobilenetV1/Conv2d_6_pointwise/BatchNorm/gamma
FeatureExtractor/MobilenetV1/Conv2d_6_pointwise/BatchNorm/gamma/read
FeatureExtractor/MobilenetV1/Conv2d_6_pointwise/BatchNorm/beta
FeatureExtractor/MobilenetV1/Conv2d_6_pointwise/BatchNorm/beta/read
FeatureExtractor/MobilenetV1/Conv2d_6_pointwise/BatchNorm/moving_mean
FeatureExtractor/MobilenetV1/Conv2d_6_pointwise/BatchNorm/moving_mean/read
FeatureExtractor/MobilenetV1/Conv2d_6_pointwise/BatchNorm/moving_variance
FeatureExtractor/MobilenetV1/Conv2d_6_pointwise/BatchNorm/moving_variance/read
FeatureExtractor/MobilenetV1/MobilenetV1/Conv2d_6_pointwise/BatchNorm/FusedBatchNorm
FeatureExtractor/MobilenetV1/MobilenetV1/Conv2d_6_pointwise/Relu6
FeatureExtractor/MobilenetV1/Conv2d_7_depthwise/depthwise_weights
FeatureExtractor/MobilenetV1/Conv2d_7_depthwise/depthwise_weights/read
FeatureExtractor/MobilenetV1/MobilenetV1/Conv2d_7_depthwise/depthwise
FeatureExtractor/MobilenetV1/Conv2d_7_depthwise/BatchNorm/gamma
FeatureExtractor/MobilenetV1/Conv2d_7_depthwise/BatchNorm/gamma/read
FeatureExtractor/MobilenetV1/Conv2d_7_depthwise/BatchNorm/beta
FeatureExtractor/MobilenetV1/Conv2d_7_depthwise/BatchNorm/beta/read
FeatureExtractor/MobilenetV1/Conv2d_7_depthwise/BatchNorm/moving_mean
FeatureExtractor/MobilenetV1/Conv2d_7_depthwise/BatchNorm/moving_mean/read
FeatureExtractor/MobilenetV1/Conv2d_7_depthwise/BatchNorm/moving_variance
FeatureExtractor/MobilenetV1/Conv2d_7_depthwise/BatchNorm/moving_variance/read
FeatureExtractor/MobilenetV1/MobilenetV1/Conv2d_7_depthwise/BatchNorm/FusedBatchNorm
FeatureExtractor/MobilenetV1/MobilenetV1/Conv2d_7_depthwise/Relu6
FeatureExtractor/MobilenetV1/Conv2d_7_pointwise/weights
FeatureExtractor/MobilenetV1/Conv2d_7_pointwise/weights/read
FeatureExtractor/MobilenetV1/MobilenetV1/Conv2d_7_pointwise/Conv2D
FeatureExtractor/MobilenetV1/Conv2d_7_pointwise/BatchNorm/gamma
FeatureExtractor/MobilenetV1/Conv2d_7_pointwise/BatchNorm/gamma/read
FeatureExtractor/MobilenetV1/Conv2d_7_pointwise/BatchNorm/beta
FeatureExtractor/MobilenetV1/Conv2d_7_pointwise/BatchNorm/beta/read
FeatureExtractor/MobilenetV1/Conv2d_7_pointwise/BatchNorm/moving_mean
FeatureExtractor/MobilenetV1/Conv2d_7_pointwise/BatchNorm/moving_mean/read
FeatureExtractor/MobilenetV1/Conv2d_7_pointwise/BatchNorm/moving_variance
FeatureExtractor/MobilenetV1/Conv2d_7_pointwise/BatchNorm/moving_variance/read
FeatureExtractor/MobilenetV1/MobilenetV1/Conv2d_7_pointwise/BatchNorm/FusedBatchNorm
FeatureExtractor/MobilenetV1/MobilenetV1/Conv2d_7_pointwise/Relu6
FeatureExtractor/MobilenetV1/Conv2d_8_depthwise/depthwise_weights
FeatureExtractor/MobilenetV1/Conv2d_8_depthwise/depthwise_weights/read
FeatureExtractor/MobilenetV1/MobilenetV1/Conv2d_8_depthwise/depthwise
FeatureExtractor/MobilenetV1/Conv2d_8_depthwise/BatchNorm/gamma
FeatureExtractor/MobilenetV1/Conv2d_8_depthwise/BatchNorm/gamma/read
FeatureExtractor/MobilenetV1/Conv2d_8_depthwise/BatchNorm/beta
FeatureExtractor/MobilenetV1/Conv2d_8_depthwise/BatchNorm/beta/read
FeatureExtractor/MobilenetV1/Conv2d_8_depthwise/BatchNorm/moving_mean
FeatureExtractor/MobilenetV1/Conv2d_8_depthwise/BatchNorm/moving_mean/read
FeatureExtractor/MobilenetV1/Conv2d_8_depthwise/BatchNorm/moving_variance
FeatureExtractor/MobilenetV1/Conv2d_8_depthwise/BatchNorm/moving_variance/read
FeatureExtractor/MobilenetV1/MobilenetV1/Conv2d_8_depthwise/BatchNorm/FusedBatchNorm
FeatureExtractor/MobilenetV1/MobilenetV1/Conv2d_8_depthwise/Relu6
FeatureExtractor/MobilenetV1/Conv2d_8_pointwise/weights
FeatureExtractor/MobilenetV1/Conv2d_8_pointwise/weights/read
FeatureExtractor/MobilenetV1/MobilenetV1/Conv2d_8_pointwise/Conv2D
FeatureExtractor/MobilenetV1/Conv2d_8_pointwise/BatchNorm/gamma
FeatureExtractor/MobilenetV1/Conv2d_8_pointwise/BatchNorm/gamma/read
FeatureExtractor/MobilenetV1/Conv2d_8_pointwise/BatchNorm/beta
FeatureExtractor/MobilenetV1/Conv2d_8_pointwise/BatchNorm/beta/read
FeatureExtractor/MobilenetV1/Conv2d_8_pointwise/BatchNorm/moving_mean
FeatureExtractor/MobilenetV1/Conv2d_8_pointwise/BatchNorm/moving_mean/read
FeatureExtractor/MobilenetV1/Conv2d_8_pointwise/BatchNorm/moving_variance
FeatureExtractor/MobilenetV1/Conv2d_8_pointwise/BatchNorm/moving_variance/read
FeatureExtractor/MobilenetV1/MobilenetV1/Conv2d_8_pointwise/BatchNorm/FusedBatchNorm
FeatureExtractor/MobilenetV1/MobilenetV1/Conv2d_8_pointwise/Relu6
FeatureExtractor/MobilenetV1/Conv2d_9_depthwise/depthwise_weights
FeatureExtractor/MobilenetV1/Conv2d_9_depthwise/depthwise_weights/read
FeatureExtractor/MobilenetV1/MobilenetV1/Conv2d_9_depthwise/depthwise
FeatureExtractor/MobilenetV1/Conv2d_9_depthwise/BatchNorm/gamma
FeatureExtractor/MobilenetV1/Conv2d_9_depthwise/BatchNorm/gamma/read
FeatureExtractor/MobilenetV1/Conv2d_9_depthwise/BatchNorm/beta
FeatureExtractor/MobilenetV1/Conv2d_9_depthwise/BatchNorm/beta/read
FeatureExtractor/MobilenetV1/Conv2d_9_depthwise/BatchNorm/moving_mean
FeatureExtractor/MobilenetV1/Conv2d_9_depthwise/BatchNorm/moving_mean/read
FeatureExtractor/MobilenetV1/Conv2d_9_depthwise/BatchNorm/moving_variance
FeatureExtractor/MobilenetV1/Conv2d_9_depthwise/BatchNorm/moving_variance/read
FeatureExtractor/MobilenetV1/MobilenetV1/Conv2d_9_depthwise/BatchNorm/FusedBatchNorm
FeatureExtractor/MobilenetV1/MobilenetV1/Conv2d_9_depthwise/Relu6
FeatureExtractor/MobilenetV1/Conv2d_9_pointwise/weights
FeatureExtractor/MobilenetV1/Conv2d_9_pointwise/weights/read
FeatureExtractor/MobilenetV1/MobilenetV1/Conv2d_9_pointwise/Conv2D
FeatureExtractor/MobilenetV1/Conv2d_9_pointwise/BatchNorm/gamma
FeatureExtractor/MobilenetV1/Conv2d_9_pointwise/BatchNorm/gamma/read
FeatureExtractor/MobilenetV1/Conv2d_9_pointwise/BatchNorm/beta
FeatureExtractor/MobilenetV1/Conv2d_9_pointwise/BatchNorm/beta/read
FeatureExtractor/MobilenetV1/Conv2d_9_pointwise/BatchNorm/moving_mean
FeatureExtractor/MobilenetV1/Conv2d_9_pointwise/BatchNorm/moving_mean/read
FeatureExtractor/MobilenetV1/Conv2d_9_pointwise/BatchNorm/moving_variance
FeatureExtractor/MobilenetV1/Conv2d_9_pointwise/BatchNorm/moving_variance/read
FeatureExtractor/MobilenetV1/MobilenetV1/Conv2d_9_pointwise/BatchNorm/FusedBatchNorm
FeatureExtractor/MobilenetV1/MobilenetV1/Conv2d_9_pointwise/Relu6
FeatureExtractor/MobilenetV1/Conv2d_10_depthwise/depthwise_weights
FeatureExtractor/MobilenetV1/Conv2d_10_depthwise/depthwise_weights/read
FeatureExtractor/MobilenetV1/MobilenetV1/Conv2d_10_depthwise/depthwise
FeatureExtractor/MobilenetV1/Conv2d_10_depthwise/BatchNorm/gamma
FeatureExtractor/MobilenetV1/Conv2d_10_depthwise/BatchNorm/gamma/read
FeatureExtractor/MobilenetV1/Conv2d_10_depthwise/BatchNorm/beta
FeatureExtractor/MobilenetV1/Conv2d_10_depthwise/BatchNorm/beta/read
FeatureExtractor/MobilenetV1/Conv2d_10_depthwise/BatchNorm/moving_mean
FeatureExtractor/MobilenetV1/Conv2d_10_depthwise/BatchNorm/moving_mean/read
FeatureExtractor/MobilenetV1/Conv2d_10_depthwise/BatchNorm/moving_variance
FeatureExtractor/MobilenetV1/Conv2d_10_depthwise/BatchNorm/moving_variance/read
FeatureExtractor/MobilenetV1/MobilenetV1/Conv2d_10_depthwise/BatchNorm/FusedBatchNorm
FeatureExtractor/MobilenetV1/MobilenetV1/Conv2d_10_depthwise/Relu6
FeatureExtractor/MobilenetV1/Conv2d_10_pointwise/weights
FeatureExtractor/MobilenetV1/Conv2d_10_pointwise/weights/read
FeatureExtractor/MobilenetV1/MobilenetV1/Conv2d_10_pointwise/Conv2D
FeatureExtractor/MobilenetV1/Conv2d_10_pointwise/BatchNorm/gamma
FeatureExtractor/MobilenetV1/Conv2d_10_pointwise/BatchNorm/gamma/read
FeatureExtractor/MobilenetV1/Conv2d_10_pointwise/BatchNorm/beta
FeatureExtractor/MobilenetV1/Conv2d_10_pointwise/BatchNorm/beta/read
FeatureExtractor/MobilenetV1/Conv2d_10_pointwise/BatchNorm/moving_mean
FeatureExtractor/MobilenetV1/Conv2d_10_pointwise/BatchNorm/moving_mean/read
FeatureExtractor/MobilenetV1/Conv2d_10_pointwise/BatchNorm/moving_variance
FeatureExtractor/MobilenetV1/Conv2d_10_pointwise/BatchNorm/moving_variance/read
FeatureExtractor/MobilenetV1/MobilenetV1/Conv2d_10_pointwise/BatchNorm/FusedBatchNorm
FeatureExtractor/MobilenetV1/MobilenetV1/Conv2d_10_pointwise/Relu6
FeatureExtractor/MobilenetV1/Conv2d_11_depthwise/depthwise_weights
FeatureExtractor/MobilenetV1/Conv2d_11_depthwise/depthwise_weights/read
FeatureExtractor/MobilenetV1/MobilenetV1/Conv2d_11_depthwise/depthwise
FeatureExtractor/MobilenetV1/Conv2d_11_depthwise/BatchNorm/gamma
FeatureExtractor/MobilenetV1/Conv2d_11_depthwise/BatchNorm/gamma/read
FeatureExtractor/MobilenetV1/Conv2d_11_depthwise/BatchNorm/beta
FeatureExtractor/MobilenetV1/Conv2d_11_depthwise/BatchNorm/beta/read
FeatureExtractor/MobilenetV1/Conv2d_11_depthwise/BatchNorm/moving_mean
FeatureExtractor/MobilenetV1/Conv2d_11_depthwise/BatchNorm/moving_mean/read
FeatureExtractor/MobilenetV1/Conv2d_11_depthwise/BatchNorm/moving_variance
FeatureExtractor/MobilenetV1/Conv2d_11_depthwise/BatchNorm/moving_variance/read
FeatureExtractor/MobilenetV1/MobilenetV1/Conv2d_11_depthwise/BatchNorm/FusedBatchNorm
FeatureExtractor/MobilenetV1/MobilenetV1/Conv2d_11_depthwise/Relu6
FeatureExtractor/MobilenetV1/Conv2d_11_pointwise/weights
FeatureExtractor/MobilenetV1/Conv2d_11_pointwise/weights/read
FeatureExtractor/MobilenetV1/MobilenetV1/Conv2d_11_pointwise/Conv2D
FeatureExtractor/MobilenetV1/Conv2d_11_pointwise/BatchNorm/gamma
FeatureExtractor/MobilenetV1/Conv2d_11_pointwise/BatchNorm/gamma/read
FeatureExtractor/MobilenetV1/Conv2d_11_pointwise/BatchNorm/beta
FeatureExtractor/MobilenetV1/Conv2d_11_pointwise/BatchNorm/beta/read
FeatureExtractor/MobilenetV1/Conv2d_11_pointwise/BatchNorm/moving_mean
FeatureExtractor/MobilenetV1/Conv2d_11_pointwise/BatchNorm/moving_mean/read
FeatureExtractor/MobilenetV1/Conv2d_11_pointwise/BatchNorm/moving_variance
FeatureExtractor/MobilenetV1/Conv2d_11_pointwise/BatchNorm/moving_variance/read
FeatureExtractor/MobilenetV1/MobilenetV1/Conv2d_11_pointwise/BatchNorm/FusedBatchNorm
FeatureExtractor/MobilenetV1/MobilenetV1/Conv2d_11_pointwise/Relu6
FeatureExtractor/MobilenetV1/Conv2d_12_depthwise/depthwise_weights
FeatureExtractor/MobilenetV1/Conv2d_12_depthwise/depthwise_weights/read
FeatureExtractor/MobilenetV1/MobilenetV1/Conv2d_12_depthwise/depthwise
FeatureExtractor/MobilenetV1/Conv2d_12_depthwise/BatchNorm/gamma
FeatureExtractor/MobilenetV1/Conv2d_12_depthwise/BatchNorm/gamma/read
FeatureExtractor/MobilenetV1/Conv2d_12_depthwise/BatchNorm/beta
FeatureExtractor/MobilenetV1/Conv2d_12_depthwise/BatchNorm/beta/read
FeatureExtractor/MobilenetV1/Conv2d_12_depthwise/BatchNorm/moving_mean
FeatureExtractor/MobilenetV1/Conv2d_12_depthwise/BatchNorm/moving_mean/read
FeatureExtractor/MobilenetV1/Conv2d_12_depthwise/BatchNorm/moving_variance
FeatureExtractor/MobilenetV1/Conv2d_12_depthwise/BatchNorm/moving_variance/read
FeatureExtractor/MobilenetV1/MobilenetV1/Conv2d_12_depthwise/BatchNorm/FusedBatchNorm
FeatureExtractor/MobilenetV1/MobilenetV1/Conv2d_12_depthwise/Relu6
FeatureExtractor/MobilenetV1/Conv2d_12_pointwise/weights
FeatureExtractor/MobilenetV1/Conv2d_12_pointwise/weights/read
FeatureExtractor/MobilenetV1/MobilenetV1/Conv2d_12_pointwise/Conv2D
FeatureExtractor/MobilenetV1/Conv2d_12_pointwise/BatchNorm/gamma
FeatureExtractor/MobilenetV1/Conv2d_12_pointwise/BatchNorm/gamma/read
FeatureExtractor/MobilenetV1/Conv2d_12_pointwise/BatchNorm/beta
FeatureExtractor/MobilenetV1/Conv2d_12_pointwise/BatchNorm/beta/read
FeatureExtractor/MobilenetV1/Conv2d_12_pointwise/BatchNorm/moving_mean
FeatureExtractor/MobilenetV1/Conv2d_12_pointwise/BatchNorm/moving_mean/read
FeatureExtractor/MobilenetV1/Conv2d_12_pointwise/BatchNorm/moving_variance
FeatureExtractor/MobilenetV1/Conv2d_12_pointwise/BatchNorm/moving_variance/read
FeatureExtractor/MobilenetV1/MobilenetV1/Conv2d_12_pointwise/BatchNorm/FusedBatchNorm
FeatureExtractor/MobilenetV1/MobilenetV1/Conv2d_12_pointwise/Relu6
FeatureExtractor/MobilenetV1/Conv2d_13_depthwise/depthwise_weights
FeatureExtractor/MobilenetV1/Conv2d_13_depthwise/depthwise_weights/read
FeatureExtractor/MobilenetV1/MobilenetV1/Conv2d_13_depthwise/depthwise
FeatureExtractor/MobilenetV1/Conv2d_13_depthwise/BatchNorm/gamma
FeatureExtractor/MobilenetV1/Conv2d_13_depthwise/BatchNorm/gamma/read
FeatureExtractor/MobilenetV1/Conv2d_13_depthwise/BatchNorm/beta
FeatureExtractor/MobilenetV1/Conv2d_13_depthwise/BatchNorm/beta/read
FeatureExtractor/MobilenetV1/Conv2d_13_depthwise/BatchNorm/moving_mean
FeatureExtractor/MobilenetV1/Conv2d_13_depthwise/BatchNorm/moving_mean/read
FeatureExtractor/MobilenetV1/Conv2d_13_depthwise/BatchNorm/moving_variance
FeatureExtractor/MobilenetV1/Conv2d_13_depthwise/BatchNorm/moving_variance/read
FeatureExtractor/MobilenetV1/MobilenetV1/Conv2d_13_depthwise/BatchNorm/FusedBatchNorm
FeatureExtractor/MobilenetV1/MobilenetV1/Conv2d_13_depthwise/Relu6
FeatureExtractor/MobilenetV1/Conv2d_13_pointwise/weights
FeatureExtractor/MobilenetV1/Conv2d_13_pointwise/weights/read
FeatureExtractor/MobilenetV1/MobilenetV1/Conv2d_13_pointwise/Conv2D
FeatureExtractor/MobilenetV1/Conv2d_13_pointwise/BatchNorm/gamma
FeatureExtractor/MobilenetV1/Conv2d_13_pointwise/BatchNorm/gamma/read
FeatureExtractor/MobilenetV1/Conv2d_13_pointwise/BatchNorm/beta
FeatureExtractor/MobilenetV1/Conv2d_13_pointwise/BatchNorm/beta/read
FeatureExtractor/MobilenetV1/Conv2d_13_pointwise/BatchNorm/moving_mean
FeatureExtractor/MobilenetV1/Conv2d_13_pointwise/BatchNorm/moving_mean/read
FeatureExtractor/MobilenetV1/Conv2d_13_pointwise/BatchNorm/moving_variance
FeatureExtractor/MobilenetV1/Conv2d_13_pointwise/BatchNorm/moving_variance/read
FeatureExtractor/MobilenetV1/MobilenetV1/Conv2d_13_pointwise/BatchNorm/FusedBatchNorm
FeatureExtractor/MobilenetV1/MobilenetV1/Conv2d_13_pointwise/Relu6
FeatureExtractor/MobilenetV1/Conv2d_13_pointwise_1_Conv2d_2_1x1_256/weights
FeatureExtractor/MobilenetV1/Conv2d_13_pointwise_1_Conv2d_2_1x1_256/weights/read
FeatureExtractor/MobilenetV1/Conv2d_13_pointwise_1_Conv2d_2_1x1_256/Conv2D
FeatureExtractor/MobilenetV1/Conv2d_13_pointwise_1_Conv2d_2_1x1_256/BatchNorm/gamma
FeatureExtractor/MobilenetV1/Conv2d_13_pointwise_1_Conv2d_2_1x1_256/BatchNorm/gamma/read
FeatureExtractor/MobilenetV1/Conv2d_13_pointwise_1_Conv2d_2_1x1_256/BatchNorm/beta
FeatureExtractor/MobilenetV1/Conv2d_13_pointwise_1_Conv2d_2_1x1_256/BatchNorm/beta/read
FeatureExtractor/MobilenetV1/Conv2d_13_pointwise_1_Conv2d_2_1x1_256/BatchNorm/moving_mean
FeatureExtractor/MobilenetV1/Conv2d_13_pointwise_1_Conv2d_2_1x1_256/BatchNorm/moving_mean/read
FeatureExtractor/MobilenetV1/Conv2d_13_pointwise_1_Conv2d_2_1x1_256/BatchNorm/moving_variance
FeatureExtractor/MobilenetV1/Conv2d_13_pointwise_1_Conv2d_2_1x1_256/BatchNorm/moving_variance/read
FeatureExtractor/MobilenetV1/Conv2d_13_pointwise_1_Conv2d_2_1x1_256/BatchNorm/FusedBatchNorm
FeatureExtractor/MobilenetV1/Conv2d_13_pointwise_1_Conv2d_2_1x1_256/Relu6
FeatureExtractor/MobilenetV1/Conv2d_13_pointwise_2_Conv2d_2_3x3_s2_512/weights
FeatureExtractor/MobilenetV1/Conv2d_13_pointwise_2_Conv2d_2_3x3_s2_512/weights/read
FeatureExtractor/MobilenetV1/Conv2d_13_pointwise_2_Conv2d_2_3x3_s2_512/Conv2D
FeatureExtractor/MobilenetV1/Conv2d_13_pointwise_2_Conv2d_2_3x3_s2_512/BatchNorm/gamma
FeatureExtractor/MobilenetV1/Conv2d_13_pointwise_2_Conv2d_2_3x3_s2_512/BatchNorm/gamma/read
FeatureExtractor/MobilenetV1/Conv2d_13_pointwise_2_Conv2d_2_3x3_s2_512/BatchNorm/beta
FeatureExtractor/MobilenetV1/Conv2d_13_pointwise_2_Conv2d_2_3x3_s2_512/BatchNorm/beta/read
FeatureExtractor/MobilenetV1/Conv2d_13_pointwise_2_Conv2d_2_3x3_s2_512/BatchNorm/moving_mean
FeatureExtractor/MobilenetV1/Conv2d_13_pointwise_2_Conv2d_2_3x3_s2_512/BatchNorm/moving_mean/read
FeatureExtractor/MobilenetV1/Conv2d_13_pointwise_2_Conv2d_2_3x3_s2_512/BatchNorm/moving_variance
FeatureExtractor/MobilenetV1/Conv2d_13_pointwise_2_Conv2d_2_3x3_s2_512/BatchNorm/moving_variance/read
FeatureExtractor/MobilenetV1/Conv2d_13_pointwise_2_Conv2d_2_3x3_s2_512/BatchNorm/FusedBatchNorm
FeatureExtractor/MobilenetV1/Conv2d_13_pointwise_2_Conv2d_2_3x3_s2_512/Relu6
FeatureExtractor/MobilenetV1/Conv2d_13_pointwise_1_Conv2d_3_1x1_128/weights
FeatureExtractor/MobilenetV1/Conv2d_13_pointwise_1_Conv2d_3_1x1_128/weights/read
FeatureExtractor/MobilenetV1/Conv2d_13_pointwise_1_Conv2d_3_1x1_128/Conv2D
FeatureExtractor/MobilenetV1/Conv2d_13_pointwise_1_Conv2d_3_1x1_128/BatchNorm/gamma
FeatureExtractor/MobilenetV1/Conv2d_13_pointwise_1_Conv2d_3_1x1_128/BatchNorm/gamma/read
FeatureExtractor/MobilenetV1/Conv2d_13_pointwise_1_Conv2d_3_1x1_128/BatchNorm/beta
FeatureExtractor/MobilenetV1/Conv2d_13_pointwise_1_Conv2d_3_1x1_128/BatchNorm/beta/read
FeatureExtractor/MobilenetV1/Conv2d_13_pointwise_1_Conv2d_3_1x1_128/BatchNorm/moving_mean
FeatureExtractor/MobilenetV1/Conv2d_13_pointwise_1_Conv2d_3_1x1_128/BatchNorm/moving_mean/read
FeatureExtractor/MobilenetV1/Conv2d_13_pointwise_1_Conv2d_3_1x1_128/BatchNorm/moving_variance
FeatureExtractor/MobilenetV1/Conv2d_13_pointwise_1_Conv2d_3_1x1_128/BatchNorm/moving_variance/read
FeatureExtractor/MobilenetV1/Conv2d_13_pointwise_1_Conv2d_3_1x1_128/BatchNorm/FusedBatchNorm
FeatureExtractor/MobilenetV1/Conv2d_13_pointwise_1_Conv2d_3_1x1_128/Relu6
FeatureExtractor/MobilenetV1/Conv2d_13_pointwise_2_Conv2d_3_3x3_s2_256/weights
FeatureExtractor/MobilenetV1/Conv2d_13_pointwise_2_Conv2d_3_3x3_s2_256/weights/read
FeatureExtractor/MobilenetV1/Conv2d_13_pointwise_2_Conv2d_3_3x3_s2_256/Conv2D
FeatureExtractor/MobilenetV1/Conv2d_13_pointwise_2_Conv2d_3_3x3_s2_256/BatchNorm/gamma
FeatureExtractor/MobilenetV1/Conv2d_13_pointwise_2_Conv2d_3_3x3_s2_256/BatchNorm/gamma/read
FeatureExtractor/MobilenetV1/Conv2d_13_pointwise_2_Conv2d_3_3x3_s2_256/BatchNorm/beta
FeatureExtractor/MobilenetV1/Conv2d_13_pointwise_2_Conv2d_3_3x3_s2_256/BatchNorm/beta/read
FeatureExtractor/MobilenetV1/Conv2d_13_pointwise_2_Conv2d_3_3x3_s2_256/BatchNorm/moving_mean
FeatureExtractor/MobilenetV1/Conv2d_13_pointwise_2_Conv2d_3_3x3_s2_256/BatchNorm/moving_mean/read
FeatureExtractor/MobilenetV1/Conv2d_13_pointwise_2_Conv2d_3_3x3_s2_256/BatchNorm/moving_variance
FeatureExtractor/MobilenetV1/Conv2d_13_pointwise_2_Conv2d_3_3x3_s2_256/BatchNorm/moving_variance/read
FeatureExtractor/MobilenetV1/Conv2d_13_pointwise_2_Conv2d_3_3x3_s2_256/BatchNorm/FusedBatchNorm
FeatureExtractor/MobilenetV1/Conv2d_13_pointwise_2_Conv2d_3_3x3_s2_256/Relu6
FeatureExtractor/MobilenetV1/Conv2d_13_pointwise_1_Conv2d_4_1x1_128/weights
FeatureExtractor/MobilenetV1/Conv2d_13_pointwise_1_Conv2d_4_1x1_128/weights/read
FeatureExtractor/MobilenetV1/Conv2d_13_pointwise_1_Conv2d_4_1x1_128/Conv2D
FeatureExtractor/MobilenetV1/Conv2d_13_pointwise_1_Conv2d_4_1x1_128/BatchNorm/gamma
FeatureExtractor/MobilenetV1/Conv2d_13_pointwise_1_Conv2d_4_1x1_128/BatchNorm/gamma/read
FeatureExtractor/MobilenetV1/Conv2d_13_pointwise_1_Conv2d_4_1x1_128/BatchNorm/beta
FeatureExtractor/MobilenetV1/Conv2d_13_pointwise_1_Conv2d_4_1x1_128/BatchNorm/beta/read
FeatureExtractor/MobilenetV1/Conv2d_13_pointwise_1_Conv2d_4_1x1_128/BatchNorm/moving_mean
FeatureExtractor/MobilenetV1/Conv2d_13_pointwise_1_Conv2d_4_1x1_128/BatchNorm/moving_mean/read
FeatureExtractor/MobilenetV1/Conv2d_13_pointwise_1_Conv2d_4_1x1_128/BatchNorm/moving_variance
FeatureExtractor/MobilenetV1/Conv2d_13_pointwise_1_Conv2d_4_1x1_128/BatchNorm/moving_variance/read
FeatureExtractor/MobilenetV1/Conv2d_13_pointwise_1_Conv2d_4_1x1_128/BatchNorm/FusedBatchNorm
FeatureExtractor/MobilenetV1/Conv2d_13_pointwise_1_Conv2d_4_1x1_128/Relu6
FeatureExtractor/MobilenetV1/Conv2d_13_pointwise_2_Conv2d_4_3x3_s2_256/weights
FeatureExtractor/MobilenetV1/Conv2d_13_pointwise_2_Conv2d_4_3x3_s2_256/weights/read
FeatureExtractor/MobilenetV1/Conv2d_13_pointwise_2_Conv2d_4_3x3_s2_256/Conv2D
FeatureExtractor/MobilenetV1/Conv2d_13_pointwise_2_Conv2d_4_3x3_s2_256/BatchNorm/gamma
FeatureExtractor/MobilenetV1/Conv2d_13_pointwise_2_Conv2d_4_3x3_s2_256/BatchNorm/gamma/read
FeatureExtractor/MobilenetV1/Conv2d_13_pointwise_2_Conv2d_4_3x3_s2_256/BatchNorm/beta
FeatureExtractor/MobilenetV1/Conv2d_13_pointwise_2_Conv2d_4_3x3_s2_256/BatchNorm/beta/read
FeatureExtractor/MobilenetV1/Conv2d_13_pointwise_2_Conv2d_4_3x3_s2_256/BatchNorm/moving_mean
FeatureExtractor/MobilenetV1/Conv2d_13_pointwise_2_Conv2d_4_3x3_s2_256/BatchNorm/moving_mean/read
FeatureExtractor/MobilenetV1/Conv2d_13_pointwise_2_Conv2d_4_3x3_s2_256/BatchNorm/moving_variance
FeatureExtractor/MobilenetV1/Conv2d_13_pointwise_2_Conv2d_4_3x3_s2_256/BatchNorm/moving_variance/read
FeatureExtractor/MobilenetV1/Conv2d_13_pointwise_2_Conv2d_4_3x3_s2_256/BatchNorm/FusedBatchNorm
FeatureExtractor/MobilenetV1/Conv2d_13_pointwise_2_Conv2d_4_3x3_s2_256/Relu6
FeatureExtractor/MobilenetV1/Conv2d_13_pointwise_1_Conv2d_5_1x1_64/weights
FeatureExtractor/MobilenetV1/Conv2d_13_pointwise_1_Conv2d_5_1x1_64/weights/read
FeatureExtractor/MobilenetV1/Conv2d_13_pointwise_1_Conv2d_5_1x1_64/Conv2D
FeatureExtractor/MobilenetV1/Conv2d_13_pointwise_1_Conv2d_5_1x1_64/BatchNorm/gamma
FeatureExtractor/MobilenetV1/Conv2d_13_pointwise_1_Conv2d_5_1x1_64/BatchNorm/gamma/read
FeatureExtractor/MobilenetV1/Conv2d_13_pointwise_1_Conv2d_5_1x1_64/BatchNorm/beta
FeatureExtractor/MobilenetV1/Conv2d_13_pointwise_1_Conv2d_5_1x1_64/BatchNorm/beta/read
FeatureExtractor/MobilenetV1/Conv2d_13_pointwise_1_Conv2d_5_1x1_64/BatchNorm/moving_mean
FeatureExtractor/MobilenetV1/Conv2d_13_pointwise_1_Conv2d_5_1x1_64/BatchNorm/moving_mean/read
FeatureExtractor/MobilenetV1/Conv2d_13_pointwise_1_Conv2d_5_1x1_64/BatchNorm/moving_variance
FeatureExtractor/MobilenetV1/Conv2d_13_pointwise_1_Conv2d_5_1x1_64/BatchNorm/moving_variance/read
FeatureExtractor/MobilenetV1/Conv2d_13_pointwise_1_Conv2d_5_1x1_64/BatchNorm/FusedBatchNorm
FeatureExtractor/MobilenetV1/Conv2d_13_pointwise_1_Conv2d_5_1x1_64/Relu6
FeatureExtractor/MobilenetV1/Conv2d_13_pointwise_2_Conv2d_5_3x3_s2_128/weights
FeatureExtractor/MobilenetV1/Conv2d_13_pointwise_2_Conv2d_5_3x3_s2_128/weights/read
FeatureExtractor/MobilenetV1/Conv2d_13_pointwise_2_Conv2d_5_3x3_s2_128/Conv2D
FeatureExtractor/MobilenetV1/Conv2d_13_pointwise_2_Conv2d_5_3x3_s2_128/BatchNorm/gamma
FeatureExtractor/MobilenetV1/Conv2d_13_pointwise_2_Conv2d_5_3x3_s2_128/BatchNorm/gamma/read
FeatureExtractor/MobilenetV1/Conv2d_13_pointwise_2_Conv2d_5_3x3_s2_128/BatchNorm/beta
FeatureExtractor/MobilenetV1/Conv2d_13_pointwise_2_Conv2d_5_3x3_s2_128/BatchNorm/beta/read
FeatureExtractor/MobilenetV1/Conv2d_13_pointwise_2_Conv2d_5_3x3_s2_128/BatchNorm/moving_mean
FeatureExtractor/MobilenetV1/Conv2d_13_pointwise_2_Conv2d_5_3x3_s2_128/BatchNorm/moving_mean/read
FeatureExtractor/MobilenetV1/Conv2d_13_pointwise_2_Conv2d_5_3x3_s2_128/BatchNorm/moving_variance
FeatureExtractor/MobilenetV1/Conv2d_13_pointwise_2_Conv2d_5_3x3_s2_128/BatchNorm/moving_variance/read
FeatureExtractor/MobilenetV1/Conv2d_13_pointwise_2_Conv2d_5_3x3_s2_128/BatchNorm/FusedBatchNorm
FeatureExtractor/MobilenetV1/Conv2d_13_pointwise_2_Conv2d_5_3x3_s2_128/Relu6
MultipleGridAnchorGenerator/Cast/x
MultipleGridAnchorGenerator/Cast
MultipleGridAnchorGenerator/Cast_1/x
MultipleGridAnchorGenerator/Cast_1
MultipleGridAnchorGenerator/Cast_2/x
MultipleGridAnchorGenerator/Cast_2
MultipleGridAnchorGenerator/truediv/x
MultipleGridAnchorGenerator/truediv
MultipleGridAnchorGenerator/Cast_3/x
MultipleGridAnchorGenerator/Cast_3
MultipleGridAnchorGenerator/truediv_1/x
MultipleGridAnchorGenerator/truediv_1
MultipleGridAnchorGenerator/Cast_4/x
MultipleGridAnchorGenerator/Cast_4
MultipleGridAnchorGenerator/truediv_2/x
MultipleGridAnchorGenerator/truediv_2
MultipleGridAnchorGenerator/Cast_5/x
MultipleGridAnchorGenerator/Cast_5
MultipleGridAnchorGenerator/truediv_3/x
MultipleGridAnchorGenerator/truediv_3
MultipleGridAnchorGenerator/Cast_6/x
MultipleGridAnchorGenerator/Cast_6
MultipleGridAnchorGenerator/truediv_4/x
MultipleGridAnchorGenerator/truediv_4
MultipleGridAnchorGenerator/Cast_7/x
MultipleGridAnchorGenerator/Cast_7
MultipleGridAnchorGenerator/truediv_5/x
MultipleGridAnchorGenerator/truediv_5
MultipleGridAnchorGenerator/Cast_8/x
MultipleGridAnchorGenerator/Cast_8
MultipleGridAnchorGenerator/truediv_6/x
MultipleGridAnchorGenerator/truediv_6
MultipleGridAnchorGenerator/Cast_9/x
MultipleGridAnchorGenerator/Cast_9
MultipleGridAnchorGenerator/truediv_7/x
MultipleGridAnchorGenerator/truediv_7
MultipleGridAnchorGenerator/Cast_10/x
MultipleGridAnchorGenerator/Cast_10
MultipleGridAnchorGenerator/truediv_8/x
MultipleGridAnchorGenerator/truediv_8
MultipleGridAnchorGenerator/Cast_11/x
MultipleGridAnchorGenerator/Cast_11
MultipleGridAnchorGenerator/truediv_9/x
MultipleGridAnchorGenerator/truediv_9
MultipleGridAnchorGenerator/Cast_12/x
MultipleGridAnchorGenerator/Cast_12
MultipleGridAnchorGenerator/truediv_10/x
MultipleGridAnchorGenerator/truediv_10
MultipleGridAnchorGenerator/Cast_13/x
MultipleGridAnchorGenerator/Cast_13
MultipleGridAnchorGenerator/truediv_11/x
MultipleGridAnchorGenerator/truediv_11
MultipleGridAnchorGenerator/mul/x
MultipleGridAnchorGenerator/mul
MultipleGridAnchorGenerator/mul_1/x
MultipleGridAnchorGenerator/mul_1
MultipleGridAnchorGenerator/mul_2/x
MultipleGridAnchorGenerator/mul_2
MultipleGridAnchorGenerator/mul_3/x
MultipleGridAnchorGenerator/mul_3
MultipleGridAnchorGenerator/mul_4/x
MultipleGridAnchorGenerator/mul_4
MultipleGridAnchorGenerator/mul_5/x
MultipleGridAnchorGenerator/mul_5
MultipleGridAnchorGenerator/mul_6/x
MultipleGridAnchorGenerator/mul_6
MultipleGridAnchorGenerator/mul_7/x
MultipleGridAnchorGenerator/mul_7
MultipleGridAnchorGenerator/mul_8/x
MultipleGridAnchorGenerator/mul_8
MultipleGridAnchorGenerator/mul_9/x
MultipleGridAnchorGenerator/mul_9
MultipleGridAnchorGenerator/mul_10/x
MultipleGridAnchorGenerator/mul_10
MultipleGridAnchorGenerator/mul_11/x
MultipleGridAnchorGenerator/mul_11
MultipleGridAnchorGenerator/Minimum
MultipleGridAnchorGenerator/truediv_12
MultipleGridAnchorGenerator/truediv_13
MultipleGridAnchorGenerator/Const
MultipleGridAnchorGenerator/mul_12
MultipleGridAnchorGenerator/Const_1
MultipleGridAnchorGenerator/mul_13
MultipleGridAnchorGenerator/Sqrt/x
MultipleGridAnchorGenerator/Sqrt
MultipleGridAnchorGenerator/truediv_14/x
MultipleGridAnchorGenerator/truediv_14
MultipleGridAnchorGenerator/mul_14
MultipleGridAnchorGenerator/mul_15/x
MultipleGridAnchorGenerator/mul_15
MultipleGridAnchorGenerator/mul_16
MultipleGridAnchorGenerator/range/start
MultipleGridAnchorGenerator/range/limit
MultipleGridAnchorGenerator/range/delta
MultipleGridAnchorGenerator/range
MultipleGridAnchorGenerator/Cast_14
MultipleGridAnchorGenerator/mul_17
MultipleGridAnchorGenerator/add
MultipleGridAnchorGenerator/range_1/start
MultipleGridAnchorGenerator/range_1/limit
MultipleGridAnchorGenerator/range_1/delta
MultipleGridAnchorGenerator/range_1
MultipleGridAnchorGenerator/Cast_15
MultipleGridAnchorGenerator/mul_18
MultipleGridAnchorGenerator/add_1
MultipleGridAnchorGenerator/Meshgrid/Shape
MultipleGridAnchorGenerator/Meshgrid/Rank
MultipleGridAnchorGenerator/Meshgrid/ExpandedShape/ExpandDims/input
MultipleGridAnchorGenerator/Meshgrid/ExpandedShape/ExpandDims/dim
MultipleGridAnchorGenerator/Meshgrid/ExpandedShape/ExpandDims
MultipleGridAnchorGenerator/Meshgrid/ExpandedShape/Slice/begin
MultipleGridAnchorGenerator/Meshgrid/ExpandedShape/Slice
MultipleGridAnchorGenerator/Meshgrid/ExpandedShape/Reshape/shape
MultipleGridAnchorGenerator/Meshgrid/ExpandedShape/Reshape
MultipleGridAnchorGenerator/Meshgrid/ExpandedShape/ones/Const
MultipleGridAnchorGenerator/Meshgrid/ExpandedShape/ones
MultipleGridAnchorGenerator/Meshgrid/ExpandedShape/Slice_1/size
MultipleGridAnchorGenerator/Meshgrid/ExpandedShape/Slice_1
MultipleGridAnchorGenerator/Meshgrid/ExpandedShape/concat/axis
MultipleGridAnchorGenerator/Meshgrid/ExpandedShape/concat
MultipleGridAnchorGenerator/Meshgrid/Shape_1
MultipleGridAnchorGenerator/Meshgrid/Rank_1
MultipleGridAnchorGenerator/Meshgrid/Rank_2
MultipleGridAnchorGenerator/Meshgrid/ExpandedShape_1/ExpandDims/dim
MultipleGridAnchorGenerator/Meshgrid/ExpandedShape_1/ExpandDims
MultipleGridAnchorGenerator/Meshgrid/ExpandedShape_1/Slice/begin
MultipleGridAnchorGenerator/Meshgrid/ExpandedShape_1/Slice
MultipleGridAnchorGenerator/Meshgrid/ExpandedShape_1/Reshape/shape
MultipleGridAnchorGenerator/Meshgrid/ExpandedShape_1/Reshape
MultipleGridAnchorGenerator/Meshgrid/ExpandedShape_1/ones/Const
MultipleGridAnchorGenerator/Meshgrid/ExpandedShape_1/ones
MultipleGridAnchorGenerator/Meshgrid/ExpandedShape_1/Slice_1/size
MultipleGridAnchorGenerator/Meshgrid/ExpandedShape_1/Slice_1
MultipleGridAnchorGenerator/Meshgrid/ExpandedShape_1/concat/axis
MultipleGridAnchorGenerator/Meshgrid/ExpandedShape_1/concat
MultipleGridAnchorGenerator/Meshgrid/Reshape
MultipleGridAnchorGenerator/Meshgrid/Tile
MultipleGridAnchorGenerator/Meshgrid/Reshape_1
MultipleGridAnchorGenerator/Meshgrid/Tile_1
MultipleGridAnchorGenerator/Meshgrid_1/Shape
MultipleGridAnchorGenerator/Meshgrid_1/Rank
MultipleGridAnchorGenerator/Meshgrid_1/ExpandedShape/ExpandDims/input
MultipleGridAnchorGenerator/Meshgrid_1/ExpandedShape/ExpandDims/dim
MultipleGridAnchorGenerator/Meshgrid_1/ExpandedShape/ExpandDims
MultipleGridAnchorGenerator/Meshgrid_1/ExpandedShape/Slice/begin
MultipleGridAnchorGenerator/Meshgrid_1/ExpandedShape/Slice
MultipleGridAnchorGenerator/Meshgrid_1/ExpandedShape/Reshape/shape
MultipleGridAnchorGenerator/Meshgrid_1/ExpandedShape/Reshape
MultipleGridAnchorGenerator/Meshgrid_1/ExpandedShape/ones/Const
MultipleGridAnchorGenerator/Meshgrid_1/ExpandedShape/ones
MultipleGridAnchorGenerator/Meshgrid_1/ExpandedShape/Slice_1/size
MultipleGridAnchorGenerator/Meshgrid_1/ExpandedShape/Slice_1
MultipleGridAnchorGenerator/Meshgrid_1/ExpandedShape/concat/axis
MultipleGridAnchorGenerator/Meshgrid_1/ExpandedShape/concat
MultipleGridAnchorGenerator/Meshgrid_1/Shape_1
MultipleGridAnchorGenerator/Meshgrid_1/Rank_1
MultipleGridAnchorGenerator/Meshgrid_1/Rank_2
MultipleGridAnchorGenerator/Meshgrid_1/ExpandedShape_1/ExpandDims/dim
MultipleGridAnchorGenerator/Meshgrid_1/ExpandedShape_1/ExpandDims
MultipleGridAnchorGenerator/Meshgrid_1/ExpandedShape_1/Slice/begin
MultipleGridAnchorGenerator/Meshgrid_1/ExpandedShape_1/Slice
MultipleGridAnchorGenerator/Meshgrid_1/ExpandedShape_1/Reshape/shape
MultipleGridAnchorGenerator/Meshgrid_1/ExpandedShape_1/Reshape
MultipleGridAnchorGenerator/Meshgrid_1/ExpandedShape_1/ones/Const
MultipleGridAnchorGenerator/Meshgrid_1/ExpandedShape_1/ones
MultipleGridAnchorGenerator/Meshgrid_1/ExpandedShape_1/Slice_1/size
MultipleGridAnchorGenerator/Meshgrid_1/ExpandedShape_1/Slice_1
MultipleGridAnchorGenerator/Meshgrid_1/ExpandedShape_1/concat/axis
MultipleGridAnchorGenerator/Meshgrid_1/ExpandedShape_1/concat
MultipleGridAnchorGenerator/Meshgrid_1/Reshape
MultipleGridAnchorGenerator/Meshgrid_1/Tile
MultipleGridAnchorGenerator/Meshgrid_1/Reshape_1
MultipleGridAnchorGenerator/Meshgrid_1/Tile_1
MultipleGridAnchorGenerator/Meshgrid_2/Shape
MultipleGridAnchorGenerator/Meshgrid_2/Rank
MultipleGridAnchorGenerator/Meshgrid_2/ExpandedShape/ExpandDims/input
MultipleGridAnchorGenerator/Meshgrid_2/ExpandedShape/ExpandDims/dim
MultipleGridAnchorGenerator/Meshgrid_2/ExpandedShape/ExpandDims
MultipleGridAnchorGenerator/Meshgrid_2/ExpandedShape/Slice/begin
MultipleGridAnchorGenerator/Meshgrid_2/ExpandedShape/Slice
MultipleGridAnchorGenerator/Meshgrid_2/ExpandedShape/Reshape/shape
MultipleGridAnchorGenerator/Meshgrid_2/ExpandedShape/Reshape
MultipleGridAnchorGenerator/Meshgrid_2/ExpandedShape/ones/Const
MultipleGridAnchorGenerator/Meshgrid_2/ExpandedShape/ones
MultipleGridAnchorGenerator/Meshgrid_2/ExpandedShape/Slice_1/size
MultipleGridAnchorGenerator/Meshgrid_2/ExpandedShape/Slice_1
MultipleGridAnchorGenerator/Meshgrid_2/ExpandedShape/concat/axis
MultipleGridAnchorGenerator/Meshgrid_2/ExpandedShape/concat
MultipleGridAnchorGenerator/Meshgrid_2/Shape_1
MultipleGridAnchorGenerator/Meshgrid_2/Rank_1
MultipleGridAnchorGenerator/Meshgrid_2/Rank_2
MultipleGridAnchorGenerator/Meshgrid_2/ExpandedShape_1/ExpandDims/dim
MultipleGridAnchorGenerator/Meshgrid_2/ExpandedShape_1/ExpandDims
MultipleGridAnchorGenerator/Meshgrid_2/ExpandedShape_1/Slice/begin
MultipleGridAnchorGenerator/Meshgrid_2/ExpandedShape_1/Slice
MultipleGridAnchorGenerator/Meshgrid_2/ExpandedShape_1/Reshape/shape
MultipleGridAnchorGenerator/Meshgrid_2/ExpandedShape_1/Reshape
MultipleGridAnchorGenerator/Meshgrid_2/ExpandedShape_1/ones/Const
MultipleGridAnchorGenerator/Meshgrid_2/ExpandedShape_1/ones
MultipleGridAnchorGenerator/Meshgrid_2/ExpandedShape_1/Slice_1/size
MultipleGridAnchorGenerator/Meshgrid_2/ExpandedShape_1/Slice_1
MultipleGridAnchorGenerator/Meshgrid_2/ExpandedShape_1/concat/axis
MultipleGridAnchorGenerator/Meshgrid_2/ExpandedShape_1/concat
MultipleGridAnchorGenerator/Meshgrid_2/Reshape
MultipleGridAnchorGenerator/Meshgrid_2/Tile
MultipleGridAnchorGenerator/Meshgrid_2/Reshape_1
MultipleGridAnchorGenerator/Meshgrid_2/Tile_1
MultipleGridAnchorGenerator/stack
MultipleGridAnchorGenerator/stack_1
MultipleGridAnchorGenerator/Reshape/shape
MultipleGridAnchorGenerator/Reshape
MultipleGridAnchorGenerator/Reshape_1/shape
MultipleGridAnchorGenerator/Reshape_1
MultipleGridAnchorGenerator/mul_19/x
MultipleGridAnchorGenerator/mul_19
MultipleGridAnchorGenerator/sub
MultipleGridAnchorGenerator/mul_20/x
MultipleGridAnchorGenerator/mul_20
MultipleGridAnchorGenerator/add_2
MultipleGridAnchorGenerator/concat/axis
MultipleGridAnchorGenerator/concat
MultipleGridAnchorGenerator/Sqrt_1/x
MultipleGridAnchorGenerator/Sqrt_1
MultipleGridAnchorGenerator/truediv_15/x
MultipleGridAnchorGenerator/truediv_15
MultipleGridAnchorGenerator/mul_22
MultipleGridAnchorGenerator/mul_23/x
MultipleGridAnchorGenerator/mul_23
MultipleGridAnchorGenerator/mul_24
MultipleGridAnchorGenerator/range_2/start
MultipleGridAnchorGenerator/range_2/limit
MultipleGridAnchorGenerator/range_2/delta
MultipleGridAnchorGenerator/range_2
MultipleGridAnchorGenerator/Cast_16
MultipleGridAnchorGenerator/mul_25
MultipleGridAnchorGenerator/add_3
MultipleGridAnchorGenerator/range_3/start
MultipleGridAnchorGenerator/range_3/limit
MultipleGridAnchorGenerator/range_3/delta
MultipleGridAnchorGenerator/range_3
MultipleGridAnchorGenerator/Cast_17
MultipleGridAnchorGenerator/mul_26
MultipleGridAnchorGenerator/add_4
MultipleGridAnchorGenerator/Meshgrid_3/Shape
MultipleGridAnchorGenerator/Meshgrid_3/Rank
MultipleGridAnchorGenerator/Meshgrid_3/ExpandedShape/ExpandDims/input
MultipleGridAnchorGenerator/Meshgrid_3/ExpandedShape/ExpandDims/dim
MultipleGridAnchorGenerator/Meshgrid_3/ExpandedShape/ExpandDims
MultipleGridAnchorGenerator/Meshgrid_3/ExpandedShape/Slice/begin
MultipleGridAnchorGenerator/Meshgrid_3/ExpandedShape/Slice
MultipleGridAnchorGenerator/Meshgrid_3/ExpandedShape/Reshape/shape
MultipleGridAnchorGenerator/Meshgrid_3/ExpandedShape/Reshape
MultipleGridAnchorGenerator/Meshgrid_3/ExpandedShape/ones/Const
MultipleGridAnchorGenerator/Meshgrid_3/ExpandedShape/ones
MultipleGridAnchorGenerator/Meshgrid_3/ExpandedShape/Slice_1/size
MultipleGridAnchorGenerator/Meshgrid_3/ExpandedShape/Slice_1
MultipleGridAnchorGenerator/Meshgrid_3/ExpandedShape/concat/axis
MultipleGridAnchorGenerator/Meshgrid_3/ExpandedShape/concat
MultipleGridAnchorGenerator/Meshgrid_3/Shape_1
MultipleGridAnchorGenerator/Meshgrid_3/Rank_1
MultipleGridAnchorGenerator/Meshgrid_3/Rank_2
MultipleGridAnchorGenerator/Meshgrid_3/ExpandedShape_1/ExpandDims/dim
MultipleGridAnchorGenerator/Meshgrid_3/ExpandedShape_1/ExpandDims
MultipleGridAnchorGenerator/Meshgrid_3/ExpandedShape_1/Slice/begin
MultipleGridAnchorGenerator/Meshgrid_3/ExpandedShape_1/Slice
MultipleGridAnchorGenerator/Meshgrid_3/ExpandedShape_1/Reshape/shape
MultipleGridAnchorGenerator/Meshgrid_3/ExpandedShape_1/Reshape
MultipleGridAnchorGenerator/Meshgrid_3/ExpandedShape_1/ones/Const
MultipleGridAnchorGenerator/Meshgrid_3/ExpandedShape_1/ones
MultipleGridAnchorGenerator/Meshgrid_3/ExpandedShape_1/Slice_1/size
MultipleGridAnchorGenerator/Meshgrid_3/ExpandedShape_1/Slice_1
MultipleGridAnchorGenerator/Meshgrid_3/ExpandedShape_1/concat/axis
MultipleGridAnchorGenerator/Meshgrid_3/ExpandedShape_1/concat
MultipleGridAnchorGenerator/Meshgrid_3/Reshape
MultipleGridAnchorGenerator/Meshgrid_3/Tile
MultipleGridAnchorGenerator/Meshgrid_3/Reshape_1
MultipleGridAnchorGenerator/Meshgrid_3/Tile_1
MultipleGridAnchorGenerator/Meshgrid_4/Shape
MultipleGridAnchorGenerator/Meshgrid_4/Rank
MultipleGridAnchorGenerator/Meshgrid_4/ExpandedShape/ExpandDims/input
MultipleGridAnchorGenerator/Meshgrid_4/ExpandedShape/ExpandDims/dim
MultipleGridAnchorGenerator/Meshgrid_4/ExpandedShape/ExpandDims
MultipleGridAnchorGenerator/Meshgrid_4/ExpandedShape/Slice/begin
MultipleGridAnchorGenerator/Meshgrid_4/ExpandedShape/Slice
MultipleGridAnchorGenerator/Meshgrid_4/ExpandedShape/Reshape/shape
MultipleGridAnchorGenerator/Meshgrid_4/ExpandedShape/Reshape
MultipleGridAnchorGenerator/Meshgrid_4/ExpandedShape/ones/Const
MultipleGridAnchorGenerator/Meshgrid_4/ExpandedShape/ones
MultipleGridAnchorGenerator/Meshgrid_4/ExpandedShape/Slice_1/size
MultipleGridAnchorGenerator/Meshgrid_4/ExpandedShape/Slice_1
MultipleGridAnchorGenerator/Meshgrid_4/ExpandedShape/concat/axis
MultipleGridAnchorGenerator/Meshgrid_4/ExpandedShape/concat
MultipleGridAnchorGenerator/Meshgrid_4/Shape_1
MultipleGridAnchorGenerator/Meshgrid_4/Rank_1
MultipleGridAnchorGenerator/Meshgrid_4/Rank_2
MultipleGridAnchorGenerator/Meshgrid_4/ExpandedShape_1/ExpandDims/dim
MultipleGridAnchorGenerator/Meshgrid_4/ExpandedShape_1/ExpandDims
MultipleGridAnchorGenerator/Meshgrid_4/ExpandedShape_1/Slice/begin
MultipleGridAnchorGenerator/Meshgrid_4/ExpandedShape_1/Slice
MultipleGridAnchorGenerator/Meshgrid_4/ExpandedShape_1/Reshape/shape
MultipleGridAnchorGenerator/Meshgrid_4/ExpandedShape_1/Reshape
MultipleGridAnchorGenerator/Meshgrid_4/ExpandedShape_1/ones/Const
MultipleGridAnchorGenerator/Meshgrid_4/ExpandedShape_1/ones
MultipleGridAnchorGenerator/Meshgrid_4/ExpandedShape_1/Slice_1/size
MultipleGridAnchorGenerator/Meshgrid_4/ExpandedShape_1/Slice_1
MultipleGridAnchorGenerator/Meshgrid_4/ExpandedShape_1/concat/axis
MultipleGridAnchorGenerator/Meshgrid_4/ExpandedShape_1/concat
MultipleGridAnchorGenerator/Meshgrid_4/Reshape
MultipleGridAnchorGenerator/Meshgrid_4/Tile
MultipleGridAnchorGenerator/Meshgrid_4/Reshape_1
MultipleGridAnchorGenerator/Meshgrid_4/Tile_1
MultipleGridAnchorGenerator/Meshgrid_5/Shape
MultipleGridAnchorGenerator/Meshgrid_5/Rank
MultipleGridAnchorGenerator/Meshgrid_5/ExpandedShape/ExpandDims/input
MultipleGridAnchorGenerator/Meshgrid_5/ExpandedShape/ExpandDims/dim
MultipleGridAnchorGenerator/Meshgrid_5/ExpandedShape/ExpandDims
MultipleGridAnchorGenerator/Meshgrid_5/ExpandedShape/Slice/begin
MultipleGridAnchorGenerator/Meshgrid_5/ExpandedShape/Slice
MultipleGridAnchorGenerator/Meshgrid_5/ExpandedShape/Reshape/shape
MultipleGridAnchorGenerator/Meshgrid_5/ExpandedShape/Reshape
MultipleGridAnchorGenerator/Meshgrid_5/ExpandedShape/ones/Const
MultipleGridAnchorGenerator/Meshgrid_5/ExpandedShape/ones
MultipleGridAnchorGenerator/Meshgrid_5/ExpandedShape/Slice_1/size
MultipleGridAnchorGenerator/Meshgrid_5/ExpandedShape/Slice_1
MultipleGridAnchorGenerator/Meshgrid_5/ExpandedShape/concat/axis
MultipleGridAnchorGenerator/Meshgrid_5/ExpandedShape/concat
MultipleGridAnchorGenerator/Meshgrid_5/Shape_1
MultipleGridAnchorGenerator/Meshgrid_5/Rank_1
MultipleGridAnchorGenerator/Meshgrid_5/Rank_2
MultipleGridAnchorGenerator/Meshgrid_5/ExpandedShape_1/ExpandDims/dim
MultipleGridAnchorGenerator/Meshgrid_5/ExpandedShape_1/ExpandDims
MultipleGridAnchorGenerator/Meshgrid_5/ExpandedShape_1/Slice/begin
MultipleGridAnchorGenerator/Meshgrid_5/ExpandedShape_1/Slice
MultipleGridAnchorGenerator/Meshgrid_5/ExpandedShape_1/Reshape/shape
MultipleGridAnchorGenerator/Meshgrid_5/ExpandedShape_1/Reshape
MultipleGridAnchorGenerator/Meshgrid_5/ExpandedShape_1/ones/Const
MultipleGridAnchorGenerator/Meshgrid_5/ExpandedShape_1/ones
MultipleGridAnchorGenerator/Meshgrid_5/ExpandedShape_1/Slice_1/size
MultipleGridAnchorGenerator/Meshgrid_5/ExpandedShape_1/Slice_1
MultipleGridAnchorGenerator/Meshgrid_5/ExpandedShape_1/concat/axis
MultipleGridAnchorGenerator/Meshgrid_5/ExpandedShape_1/concat
MultipleGridAnchorGenerator/Meshgrid_5/Reshape
MultipleGridAnchorGenerator/Meshgrid_5/Tile
MultipleGridAnchorGenerator/Meshgrid_5/Reshape_1
MultipleGridAnchorGenerator/Meshgrid_5/Tile_1
MultipleGridAnchorGenerator/stack_2
MultipleGridAnchorGenerator/stack_3
MultipleGridAnchorGenerator/Reshape_2/shape
MultipleGridAnchorGenerator/Reshape_2
MultipleGridAnchorGenerator/Reshape_3/shape
MultipleGridAnchorGenerator/Reshape_3
MultipleGridAnchorGenerator/mul_27/x
MultipleGridAnchorGenerator/mul_27
MultipleGridAnchorGenerator/sub_1
MultipleGridAnchorGenerator/mul_28/x
MultipleGridAnchorGenerator/mul_28
MultipleGridAnchorGenerator/add_5
MultipleGridAnchorGenerator/concat_1/axis
MultipleGridAnchorGenerator/concat_1
MultipleGridAnchorGenerator/Sqrt_2/x
MultipleGridAnchorGenerator/Sqrt_2
MultipleGridAnchorGenerator/truediv_16/x
MultipleGridAnchorGenerator/truediv_16
MultipleGridAnchorGenerator/mul_30
MultipleGridAnchorGenerator/mul_31/x
MultipleGridAnchorGenerator/mul_31
MultipleGridAnchorGenerator/mul_32
MultipleGridAnchorGenerator/range_4/start
MultipleGridAnchorGenerator/range_4/limit
MultipleGridAnchorGenerator/range_4/delta
MultipleGridAnchorGenerator/range_4
MultipleGridAnchorGenerator/Cast_18
MultipleGridAnchorGenerator/mul_33
MultipleGridAnchorGenerator/add_6
MultipleGridAnchorGenerator/range_5/start
MultipleGridAnchorGenerator/range_5/limit
MultipleGridAnchorGenerator/range_5/delta
MultipleGridAnchorGenerator/range_5
MultipleGridAnchorGenerator/Cast_19
MultipleGridAnchorGenerator/mul_34
MultipleGridAnchorGenerator/add_7
MultipleGridAnchorGenerator/Meshgrid_6/Shape
MultipleGridAnchorGenerator/Meshgrid_6/Rank
MultipleGridAnchorGenerator/Meshgrid_6/ExpandedShape/ExpandDims/input
MultipleGridAnchorGenerator/Meshgrid_6/ExpandedShape/ExpandDims/dim
MultipleGridAnchorGenerator/Meshgrid_6/ExpandedShape/ExpandDims
MultipleGridAnchorGenerator/Meshgrid_6/ExpandedShape/Slice/begin
MultipleGridAnchorGenerator/Meshgrid_6/ExpandedShape/Slice
MultipleGridAnchorGenerator/Meshgrid_6/ExpandedShape/Reshape/shape
MultipleGridAnchorGenerator/Meshgrid_6/ExpandedShape/Reshape
MultipleGridAnchorGenerator/Meshgrid_6/ExpandedShape/ones/Const
MultipleGridAnchorGenerator/Meshgrid_6/ExpandedShape/ones
MultipleGridAnchorGenerator/Meshgrid_6/ExpandedShape/Slice_1/size
MultipleGridAnchorGenerator/Meshgrid_6/ExpandedShape/Slice_1
MultipleGridAnchorGenerator/Meshgrid_6/ExpandedShape/concat/axis
MultipleGridAnchorGenerator/Meshgrid_6/ExpandedShape/concat
MultipleGridAnchorGenerator/Meshgrid_6/Shape_1
MultipleGridAnchorGenerator/Meshgrid_6/Rank_1
MultipleGridAnchorGenerator/Meshgrid_6/Rank_2
MultipleGridAnchorGenerator/Meshgrid_6/ExpandedShape_1/ExpandDims/dim
MultipleGridAnchorGenerator/Meshgrid_6/ExpandedShape_1/ExpandDims
MultipleGridAnchorGenerator/Meshgrid_6/ExpandedShape_1/Slice/begin
MultipleGridAnchorGenerator/Meshgrid_6/ExpandedShape_1/Slice
MultipleGridAnchorGenerator/Meshgrid_6/ExpandedShape_1/Reshape/shape
MultipleGridAnchorGenerator/Meshgrid_6/ExpandedShape_1/Reshape
MultipleGridAnchorGenerator/Meshgrid_6/ExpandedShape_1/ones/Const
MultipleGridAnchorGenerator/Meshgrid_6/ExpandedShape_1/ones
MultipleGridAnchorGenerator/Meshgrid_6/ExpandedShape_1/Slice_1/size
MultipleGridAnchorGenerator/Meshgrid_6/ExpandedShape_1/Slice_1
MultipleGridAnchorGenerator/Meshgrid_6/ExpandedShape_1/concat/axis
MultipleGridAnchorGenerator/Meshgrid_6/ExpandedShape_1/concat
MultipleGridAnchorGenerator/Meshgrid_6/Reshape
MultipleGridAnchorGenerator/Meshgrid_6/Tile
MultipleGridAnchorGenerator/Meshgrid_6/Reshape_1
MultipleGridAnchorGenerator/Meshgrid_6/Tile_1
MultipleGridAnchorGenerator/Meshgrid_7/Shape
MultipleGridAnchorGenerator/Meshgrid_7/Rank
MultipleGridAnchorGenerator/Meshgrid_7/ExpandedShape/ExpandDims/input
MultipleGridAnchorGenerator/Meshgrid_7/ExpandedShape/ExpandDims/dim
MultipleGridAnchorGenerator/Meshgrid_7/ExpandedShape/ExpandDims
MultipleGridAnchorGenerator/Meshgrid_7/ExpandedShape/Slice/begin
MultipleGridAnchorGenerator/Meshgrid_7/ExpandedShape/Slice
MultipleGridAnchorGenerator/Meshgrid_7/ExpandedShape/Reshape/shape
MultipleGridAnchorGenerator/Meshgrid_7/ExpandedShape/Reshape
MultipleGridAnchorGenerator/Meshgrid_7/ExpandedShape/ones/Const
MultipleGridAnchorGenerator/Meshgrid_7/ExpandedShape/ones
MultipleGridAnchorGenerator/Meshgrid_7/ExpandedShape/Slice_1/size
MultipleGridAnchorGenerator/Meshgrid_7/ExpandedShape/Slice_1
MultipleGridAnchorGenerator/Meshgrid_7/ExpandedShape/concat/axis
MultipleGridAnchorGenerator/Meshgrid_7/ExpandedShape/concat
MultipleGridAnchorGenerator/Meshgrid_7/Shape_1
MultipleGridAnchorGenerator/Meshgrid_7/Rank_1
MultipleGridAnchorGenerator/Meshgrid_7/Rank_2
MultipleGridAnchorGenerator/Meshgrid_7/ExpandedShape_1/ExpandDims/dim
MultipleGridAnchorGenerator/Meshgrid_7/ExpandedShape_1/ExpandDims
MultipleGridAnchorGenerator/Meshgrid_7/ExpandedShape_1/Slice/begin
MultipleGridAnchorGenerator/Meshgrid_7/ExpandedShape_1/Slice
MultipleGridAnchorGenerator/Meshgrid_7/ExpandedShape_1/Reshape/shape
MultipleGridAnchorGenerator/Meshgrid_7/ExpandedShape_1/Reshape
MultipleGridAnchorGenerator/Meshgrid_7/ExpandedShape_1/ones/Const
MultipleGridAnchorGenerator/Meshgrid_7/ExpandedShape_1/ones
MultipleGridAnchorGenerator/Meshgrid_7/ExpandedShape_1/Slice_1/size
MultipleGridAnchorGenerator/Meshgrid_7/ExpandedShape_1/Slice_1
MultipleGridAnchorGenerator/Meshgrid_7/ExpandedShape_1/concat/axis
MultipleGridAnchorGenerator/Meshgrid_7/ExpandedShape_1/concat
MultipleGridAnchorGenerator/Meshgrid_7/Reshape
MultipleGridAnchorGenerator/Meshgrid_7/Tile
MultipleGridAnchorGenerator/Meshgrid_7/Reshape_1
MultipleGridAnchorGenerator/Meshgrid_7/Tile_1
MultipleGridAnchorGenerator/Meshgrid_8/Shape
MultipleGridAnchorGenerator/Meshgrid_8/Rank
MultipleGridAnchorGenerator/Meshgrid_8/ExpandedShape/ExpandDims/input
MultipleGridAnchorGenerator/Meshgrid_8/ExpandedShape/ExpandDims/dim
MultipleGridAnchorGenerator/Meshgrid_8/ExpandedShape/ExpandDims
MultipleGridAnchorGenerator/Meshgrid_8/ExpandedShape/Slice/begin
MultipleGridAnchorGenerator/Meshgrid_8/ExpandedShape/Slice
MultipleGridAnchorGenerator/Meshgrid_8/ExpandedShape/Reshape/shape
MultipleGridAnchorGenerator/Meshgrid_8/ExpandedShape/Reshape
MultipleGridAnchorGenerator/Meshgrid_8/ExpandedShape/ones/Const
MultipleGridAnchorGenerator/Meshgrid_8/ExpandedShape/ones
MultipleGridAnchorGenerator/Meshgrid_8/ExpandedShape/Slice_1/size
MultipleGridAnchorGenerator/Meshgrid_8/ExpandedShape/Slice_1
MultipleGridAnchorGenerator/Meshgrid_8/ExpandedShape/concat/axis
MultipleGridAnchorGenerator/Meshgrid_8/ExpandedShape/concat
MultipleGridAnchorGenerator/Meshgrid_8/Shape_1
MultipleGridAnchorGenerator/Meshgrid_8/Rank_1
MultipleGridAnchorGenerator/Meshgrid_8/Rank_2
MultipleGridAnchorGenerator/Meshgrid_8/ExpandedShape_1/ExpandDims/dim
MultipleGridAnchorGenerator/Meshgrid_8/ExpandedShape_1/ExpandDims
MultipleGridAnchorGenerator/Meshgrid_8/ExpandedShape_1/Slice/begin
MultipleGridAnchorGenerator/Meshgrid_8/ExpandedShape_1/Slice
MultipleGridAnchorGenerator/Meshgrid_8/ExpandedShape_1/Reshape/shape
MultipleGridAnchorGenerator/Meshgrid_8/ExpandedShape_1/Reshape
MultipleGridAnchorGenerator/Meshgrid_8/ExpandedShape_1/ones/Const
MultipleGridAnchorGenerator/Meshgrid_8/ExpandedShape_1/ones
MultipleGridAnchorGenerator/Meshgrid_8/ExpandedShape_1/Slice_1/size
MultipleGridAnchorGenerator/Meshgrid_8/ExpandedShape_1/Slice_1
MultipleGridAnchorGenerator/Meshgrid_8/ExpandedShape_1/concat/axis
MultipleGridAnchorGenerator/Meshgrid_8/ExpandedShape_1/concat
MultipleGridAnchorGenerator/Meshgrid_8/Reshape
MultipleGridAnchorGenerator/Meshgrid_8/Tile
MultipleGridAnchorGenerator/Meshgrid_8/Reshape_1
MultipleGridAnchorGenerator/Meshgrid_8/Tile_1
MultipleGridAnchorGenerator/stack_4
MultipleGridAnchorGenerator/stack_5
MultipleGridAnchorGenerator/Reshape_4/shape
MultipleGridAnchorGenerator/Reshape_4
MultipleGridAnchorGenerator/Reshape_5/shape
MultipleGridAnchorGenerator/Reshape_5
MultipleGridAnchorGenerator/mul_35/x
MultipleGridAnchorGenerator/mul_35
MultipleGridAnchorGenerator/sub_2
MultipleGridAnchorGenerator/mul_36/x
MultipleGridAnchorGenerator/mul_36
MultipleGridAnchorGenerator/add_8
MultipleGridAnchorGenerator/concat_2/axis
MultipleGridAnchorGenerator/concat_2
MultipleGridAnchorGenerator/Sqrt_3/x
MultipleGridAnchorGenerator/Sqrt_3
MultipleGridAnchorGenerator/truediv_17/x
MultipleGridAnchorGenerator/truediv_17
MultipleGridAnchorGenerator/mul_38
MultipleGridAnchorGenerator/mul_39/x
MultipleGridAnchorGenerator/mul_39
MultipleGridAnchorGenerator/mul_40
MultipleGridAnchorGenerator/range_6/start
MultipleGridAnchorGenerator/range_6/limit
MultipleGridAnchorGenerator/range_6/delta
MultipleGridAnchorGenerator/range_6
MultipleGridAnchorGenerator/Cast_20
MultipleGridAnchorGenerator/mul_41
MultipleGridAnchorGenerator/add_9
MultipleGridAnchorGenerator/range_7/start
MultipleGridAnchorGenerator/range_7/limit
MultipleGridAnchorGenerator/range_7/delta
MultipleGridAnchorGenerator/range_7
MultipleGridAnchorGenerator/Cast_21
MultipleGridAnchorGenerator/mul_42
MultipleGridAnchorGenerator/add_10
MultipleGridAnchorGenerator/Meshgrid_9/Shape
MultipleGridAnchorGenerator/Meshgrid_9/Rank
MultipleGridAnchorGenerator/Meshgrid_9/ExpandedShape/ExpandDims/input
MultipleGridAnchorGenerator/Meshgrid_9/ExpandedShape/ExpandDims/dim
MultipleGridAnchorGenerator/Meshgrid_9/ExpandedShape/ExpandDims
MultipleGridAnchorGenerator/Meshgrid_9/ExpandedShape/Slice/begin
MultipleGridAnchorGenerator/Meshgrid_9/ExpandedShape/Slice
MultipleGridAnchorGenerator/Meshgrid_9/ExpandedShape/Reshape/shape
MultipleGridAnchorGenerator/Meshgrid_9/ExpandedShape/Reshape
MultipleGridAnchorGenerator/Meshgrid_9/ExpandedShape/ones/Const
MultipleGridAnchorGenerator/Meshgrid_9/ExpandedShape/ones
MultipleGridAnchorGenerator/Meshgrid_9/ExpandedShape/Slice_1/size
MultipleGridAnchorGenerator/Meshgrid_9/ExpandedShape/Slice_1
MultipleGridAnchorGenerator/Meshgrid_9/ExpandedShape/concat/axis
MultipleGridAnchorGenerator/Meshgrid_9/ExpandedShape/concat
MultipleGridAnchorGenerator/Meshgrid_9/Shape_1
MultipleGridAnchorGenerator/Meshgrid_9/Rank_1
MultipleGridAnchorGenerator/Meshgrid_9/Rank_2
MultipleGridAnchorGenerator/Meshgrid_9/ExpandedShape_1/ExpandDims/dim
MultipleGridAnchorGenerator/Meshgrid_9/ExpandedShape_1/ExpandDims
MultipleGridAnchorGenerator/Meshgrid_9/ExpandedShape_1/Slice/begin
MultipleGridAnchorGenerator/Meshgrid_9/ExpandedShape_1/Slice
MultipleGridAnchorGenerator/Meshgrid_9/ExpandedShape_1/Reshape/shape
MultipleGridAnchorGenerator/Meshgrid_9/ExpandedShape_1/Reshape
MultipleGridAnchorGenerator/Meshgrid_9/ExpandedShape_1/ones/Const
MultipleGridAnchorGenerator/Meshgrid_9/ExpandedShape_1/ones
MultipleGridAnchorGenerator/Meshgrid_9/ExpandedShape_1/Slice_1/size
MultipleGridAnchorGenerator/Meshgrid_9/ExpandedShape_1/Slice_1
MultipleGridAnchorGenerator/Meshgrid_9/ExpandedShape_1/concat/axis
MultipleGridAnchorGenerator/Meshgrid_9/ExpandedShape_1/concat
MultipleGridAnchorGenerator/Meshgrid_9/Reshape
MultipleGridAnchorGenerator/Meshgrid_9/Tile
MultipleGridAnchorGenerator/Meshgrid_9/Reshape_1
MultipleGridAnchorGenerator/Meshgrid_9/Tile_1
MultipleGridAnchorGenerator/Meshgrid_10/Shape
MultipleGridAnchorGenerator/Meshgrid_10/Rank
MultipleGridAnchorGenerator/Meshgrid_10/ExpandedShape/ExpandDims/input
MultipleGridAnchorGenerator/Meshgrid_10/ExpandedShape/ExpandDims/dim
MultipleGridAnchorGenerator/Meshgrid_10/ExpandedShape/ExpandDims
MultipleGridAnchorGenerator/Meshgrid_10/ExpandedShape/Slice/begin
MultipleGridAnchorGenerator/Meshgrid_10/ExpandedShape/Slice
MultipleGridAnchorGenerator/Meshgrid_10/ExpandedShape/Reshape/shape
MultipleGridAnchorGenerator/Meshgrid_10/ExpandedShape/Reshape
MultipleGridAnchorGenerator/Meshgrid_10/ExpandedShape/ones/Const
MultipleGridAnchorGenerator/Meshgrid_10/ExpandedShape/ones
MultipleGridAnchorGenerator/Meshgrid_10/ExpandedShape/Slice_1/size
MultipleGridAnchorGenerator/Meshgrid_10/ExpandedShape/Slice_1
MultipleGridAnchorGenerator/Meshgrid_10/ExpandedShape/concat/axis
MultipleGridAnchorGenerator/Meshgrid_10/ExpandedShape/concat
MultipleGridAnchorGenerator/Meshgrid_10/Shape_1
MultipleGridAnchorGenerator/Meshgrid_10/Rank_1
MultipleGridAnchorGenerator/Meshgrid_10/Rank_2
MultipleGridAnchorGenerator/Meshgrid_10/ExpandedShape_1/ExpandDims/dim
MultipleGridAnchorGenerator/Meshgrid_10/ExpandedShape_1/ExpandDims
MultipleGridAnchorGenerator/Meshgrid_10/ExpandedShape_1/Slice/begin
MultipleGridAnchorGenerator/Meshgrid_10/ExpandedShape_1/Slice
MultipleGridAnchorGenerator/Meshgrid_10/ExpandedShape_1/Reshape/shape
MultipleGridAnchorGenerator/Meshgrid_10/ExpandedShape_1/Reshape
MultipleGridAnchorGenerator/Meshgrid_10/ExpandedShape_1/ones/Const
MultipleGridAnchorGenerator/Meshgrid_10/ExpandedShape_1/ones
MultipleGridAnchorGenerator/Meshgrid_10/ExpandedShape_1/Slice_1/size
MultipleGridAnchorGenerator/Meshgrid_10/ExpandedShape_1/Slice_1
MultipleGridAnchorGenerator/Meshgrid_10/ExpandedShape_1/concat/axis
MultipleGridAnchorGenerator/Meshgrid_10/ExpandedShape_1/concat
MultipleGridAnchorGenerator/Meshgrid_10/Reshape
MultipleGridAnchorGenerator/Meshgrid_10/Tile
MultipleGridAnchorGenerator/Meshgrid_10/Reshape_1
MultipleGridAnchorGenerator/Meshgrid_10/Tile_1
MultipleGridAnchorGenerator/Meshgrid_11/Shape
MultipleGridAnchorGenerator/Meshgrid_11/Rank
MultipleGridAnchorGenerator/Meshgrid_11/ExpandedShape/ExpandDims/input
MultipleGridAnchorGenerator/Meshgrid_11/ExpandedShape/ExpandDims/dim
MultipleGridAnchorGenerator/Meshgrid_11/ExpandedShape/ExpandDims
MultipleGridAnchorGenerator/Meshgrid_11/ExpandedShape/Slice/begin
MultipleGridAnchorGenerator/Meshgrid_11/ExpandedShape/Slice
MultipleGridAnchorGenerator/Meshgrid_11/ExpandedShape/Reshape/shape
MultipleGridAnchorGenerator/Meshgrid_11/ExpandedShape/Reshape
MultipleGridAnchorGenerator/Meshgrid_11/ExpandedShape/ones/Const
MultipleGridAnchorGenerator/Meshgrid_11/ExpandedShape/ones
MultipleGridAnchorGenerator/Meshgrid_11/ExpandedShape/Slice_1/size
MultipleGridAnchorGenerator/Meshgrid_11/ExpandedShape/Slice_1
MultipleGridAnchorGenerator/Meshgrid_11/ExpandedShape/concat/axis
MultipleGridAnchorGenerator/Meshgrid_11/ExpandedShape/concat
MultipleGridAnchorGenerator/Meshgrid_11/Shape_1
MultipleGridAnchorGenerator/Meshgrid_11/Rank_1
MultipleGridAnchorGenerator/Meshgrid_11/Rank_2
MultipleGridAnchorGenerator/Meshgrid_11/ExpandedShape_1/ExpandDims/dim
MultipleGridAnchorGenerator/Meshgrid_11/ExpandedShape_1/ExpandDims
MultipleGridAnchorGenerator/Meshgrid_11/ExpandedShape_1/Slice/begin
MultipleGridAnchorGenerator/Meshgrid_11/ExpandedShape_1/Slice
MultipleGridAnchorGenerator/Meshgrid_11/ExpandedShape_1/Reshape/shape
MultipleGridAnchorGenerator/Meshgrid_11/ExpandedShape_1/Reshape
MultipleGridAnchorGenerator/Meshgrid_11/ExpandedShape_1/ones/Const
MultipleGridAnchorGenerator/Meshgrid_11/ExpandedShape_1/ones
MultipleGridAnchorGenerator/Meshgrid_11/ExpandedShape_1/Slice_1/size
MultipleGridAnchorGenerator/Meshgrid_11/ExpandedShape_1/Slice_1
MultipleGridAnchorGenerator/Meshgrid_11/ExpandedShape_1/concat/axis
MultipleGridAnchorGenerator/Meshgrid_11/ExpandedShape_1/concat
MultipleGridAnchorGenerator/Meshgrid_11/Reshape
MultipleGridAnchorGenerator/Meshgrid_11/Tile
MultipleGridAnchorGenerator/Meshgrid_11/Reshape_1
MultipleGridAnchorGenerator/Meshgrid_11/Tile_1
MultipleGridAnchorGenerator/stack_6
MultipleGridAnchorGenerator/stack_7
MultipleGridAnchorGenerator/Reshape_6/shape
MultipleGridAnchorGenerator/Reshape_6
MultipleGridAnchorGenerator/Reshape_7/shape
MultipleGridAnchorGenerator/Reshape_7
MultipleGridAnchorGenerator/mul_43/x
MultipleGridAnchorGenerator/mul_43
MultipleGridAnchorGenerator/sub_3
MultipleGridAnchorGenerator/mul_44/x
MultipleGridAnchorGenerator/mul_44
MultipleGridAnchorGenerator/add_11
MultipleGridAnchorGenerator/concat_3/axis
MultipleGridAnchorGenerator/concat_3
MultipleGridAnchorGenerator/Sqrt_4/x
MultipleGridAnchorGenerator/Sqrt_4
MultipleGridAnchorGenerator/truediv_18/x
MultipleGridAnchorGenerator/truediv_18
MultipleGridAnchorGenerator/mul_46
MultipleGridAnchorGenerator/mul_47/x
MultipleGridAnchorGenerator/mul_47
MultipleGridAnchorGenerator/mul_48
MultipleGridAnchorGenerator/range_8/start
MultipleGridAnchorGenerator/range_8/limit
MultipleGridAnchorGenerator/range_8/delta
MultipleGridAnchorGenerator/range_8
MultipleGridAnchorGenerator/Cast_22
MultipleGridAnchorGenerator/mul_49
MultipleGridAnchorGenerator/add_12
MultipleGridAnchorGenerator/range_9/start
MultipleGridAnchorGenerator/range_9/limit
MultipleGridAnchorGenerator/range_9/delta
MultipleGridAnchorGenerator/range_9
MultipleGridAnchorGenerator/Cast_23
MultipleGridAnchorGenerator/mul_50
MultipleGridAnchorGenerator/add_13
MultipleGridAnchorGenerator/Meshgrid_12/Shape
MultipleGridAnchorGenerator/Meshgrid_12/Rank
MultipleGridAnchorGenerator/Meshgrid_12/ExpandedShape/ExpandDims/input
MultipleGridAnchorGenerator/Meshgrid_12/ExpandedShape/ExpandDims/dim
MultipleGridAnchorGenerator/Meshgrid_12/ExpandedShape/ExpandDims
MultipleGridAnchorGenerator/Meshgrid_12/ExpandedShape/Slice/begin
MultipleGridAnchorGenerator/Meshgrid_12/ExpandedShape/Slice
MultipleGridAnchorGenerator/Meshgrid_12/ExpandedShape/Reshape/shape
MultipleGridAnchorGenerator/Meshgrid_12/ExpandedShape/Reshape
MultipleGridAnchorGenerator/Meshgrid_12/ExpandedShape/ones/Const
MultipleGridAnchorGenerator/Meshgrid_12/ExpandedShape/ones
MultipleGridAnchorGenerator/Meshgrid_12/ExpandedShape/Slice_1/size
MultipleGridAnchorGenerator/Meshgrid_12/ExpandedShape/Slice_1
MultipleGridAnchorGenerator/Meshgrid_12/ExpandedShape/concat/axis
MultipleGridAnchorGenerator/Meshgrid_12/ExpandedShape/concat
MultipleGridAnchorGenerator/Meshgrid_12/Shape_1
MultipleGridAnchorGenerator/Meshgrid_12/Rank_1
MultipleGridAnchorGenerator/Meshgrid_12/Rank_2
MultipleGridAnchorGenerator/Meshgrid_12/ExpandedShape_1/ExpandDims/dim
MultipleGridAnchorGenerator/Meshgrid_12/ExpandedShape_1/ExpandDims
MultipleGridAnchorGenerator/Meshgrid_12/ExpandedShape_1/Slice/begin
MultipleGridAnchorGenerator/Meshgrid_12/ExpandedShape_1/Slice
MultipleGridAnchorGenerator/Meshgrid_12/ExpandedShape_1/Reshape/shape
MultipleGridAnchorGenerator/Meshgrid_12/ExpandedShape_1/Reshape
MultipleGridAnchorGenerator/Meshgrid_12/ExpandedShape_1/ones/Const
MultipleGridAnchorGenerator/Meshgrid_12/ExpandedShape_1/ones
MultipleGridAnchorGenerator/Meshgrid_12/ExpandedShape_1/Slice_1/size
MultipleGridAnchorGenerator/Meshgrid_12/ExpandedShape_1/Slice_1
MultipleGridAnchorGenerator/Meshgrid_12/ExpandedShape_1/concat/axis
MultipleGridAnchorGenerator/Meshgrid_12/ExpandedShape_1/concat
MultipleGridAnchorGenerator/Meshgrid_12/Reshape
MultipleGridAnchorGenerator/Meshgrid_12/Tile
MultipleGridAnchorGenerator/Meshgrid_12/Reshape_1
MultipleGridAnchorGenerator/Meshgrid_12/Tile_1
MultipleGridAnchorGenerator/Meshgrid_13/Shape
MultipleGridAnchorGenerator/Meshgrid_13/Rank
MultipleGridAnchorGenerator/Meshgrid_13/ExpandedShape/ExpandDims/input
MultipleGridAnchorGenerator/Meshgrid_13/ExpandedShape/ExpandDims/dim
MultipleGridAnchorGenerator/Meshgrid_13/ExpandedShape/ExpandDims
MultipleGridAnchorGenerator/Meshgrid_13/ExpandedShape/Slice/begin
MultipleGridAnchorGenerator/Meshgrid_13/ExpandedShape/Slice
MultipleGridAnchorGenerator/Meshgrid_13/ExpandedShape/Reshape/shape
MultipleGridAnchorGenerator/Meshgrid_13/ExpandedShape/Reshape
MultipleGridAnchorGenerator/Meshgrid_13/ExpandedShape/ones/Const
MultipleGridAnchorGenerator/Meshgrid_13/ExpandedShape/ones
MultipleGridAnchorGenerator/Meshgrid_13/ExpandedShape/Slice_1/size
MultipleGridAnchorGenerator/Meshgrid_13/ExpandedShape/Slice_1
MultipleGridAnchorGenerator/Meshgrid_13/ExpandedShape/concat/axis
MultipleGridAnchorGenerator/Meshgrid_13/ExpandedShape/concat
MultipleGridAnchorGenerator/Meshgrid_13/Shape_1
MultipleGridAnchorGenerator/Meshgrid_13/Rank_1
MultipleGridAnchorGenerator/Meshgrid_13/Rank_2
MultipleGridAnchorGenerator/Meshgrid_13/ExpandedShape_1/ExpandDims/dim
MultipleGridAnchorGenerator/Meshgrid_13/ExpandedShape_1/ExpandDims
MultipleGridAnchorGenerator/Meshgrid_13/ExpandedShape_1/Slice/begin
MultipleGridAnchorGenerator/Meshgrid_13/ExpandedShape_1/Slice
MultipleGridAnchorGenerator/Meshgrid_13/ExpandedShape_1/Reshape/shape
MultipleGridAnchorGenerator/Meshgrid_13/ExpandedShape_1/Reshape
MultipleGridAnchorGenerator/Meshgrid_13/ExpandedShape_1/ones/Const
MultipleGridAnchorGenerator/Meshgrid_13/ExpandedShape_1/ones
MultipleGridAnchorGenerator/Meshgrid_13/ExpandedShape_1/Slice_1/size
MultipleGridAnchorGenerator/Meshgrid_13/ExpandedShape_1/Slice_1
MultipleGridAnchorGenerator/Meshgrid_13/ExpandedShape_1/concat/axis
MultipleGridAnchorGenerator/Meshgrid_13/ExpandedShape_1/concat
MultipleGridAnchorGenerator/Meshgrid_13/Reshape
MultipleGridAnchorGenerator/Meshgrid_13/Tile
MultipleGridAnchorGenerator/Meshgrid_13/Reshape_1
MultipleGridAnchorGenerator/Meshgrid_13/Tile_1
MultipleGridAnchorGenerator/Meshgrid_14/Shape
MultipleGridAnchorGenerator/Meshgrid_14/Rank
MultipleGridAnchorGenerator/Meshgrid_14/ExpandedShape/ExpandDims/input
MultipleGridAnchorGenerator/Meshgrid_14/ExpandedShape/ExpandDims/dim
MultipleGridAnchorGenerator/Meshgrid_14/ExpandedShape/ExpandDims
MultipleGridAnchorGenerator/Meshgrid_14/ExpandedShape/Slice/begin
MultipleGridAnchorGenerator/Meshgrid_14/ExpandedShape/Slice
MultipleGridAnchorGenerator/Meshgrid_14/ExpandedShape/Reshape/shape
MultipleGridAnchorGenerator/Meshgrid_14/ExpandedShape/Reshape
MultipleGridAnchorGenerator/Meshgrid_14/ExpandedShape/ones/Const
MultipleGridAnchorGenerator/Meshgrid_14/ExpandedShape/ones
MultipleGridAnchorGenerator/Meshgrid_14/ExpandedShape/Slice_1/size
MultipleGridAnchorGenerator/Meshgrid_14/ExpandedShape/Slice_1
MultipleGridAnchorGenerator/Meshgrid_14/ExpandedShape/concat/axis
MultipleGridAnchorGenerator/Meshgrid_14/ExpandedShape/concat
MultipleGridAnchorGenerator/Meshgrid_14/Shape_1
MultipleGridAnchorGenerator/Meshgrid_14/Rank_1
MultipleGridAnchorGenerator/Meshgrid_14/Rank_2
MultipleGridAnchorGenerator/Meshgrid_14/ExpandedShape_1/ExpandDims/dim
MultipleGridAnchorGenerator/Meshgrid_14/ExpandedShape_1/ExpandDims
MultipleGridAnchorGenerator/Meshgrid_14/ExpandedShape_1/Slice/begin
MultipleGridAnchorGenerator/Meshgrid_14/ExpandedShape_1/Slice
MultipleGridAnchorGenerator/Meshgrid_14/ExpandedShape_1/Reshape/shape
MultipleGridAnchorGenerator/Meshgrid_14/ExpandedShape_1/Reshape
MultipleGridAnchorGenerator/Meshgrid_14/ExpandedShape_1/ones/Const
MultipleGridAnchorGenerator/Meshgrid_14/ExpandedShape_1/ones
MultipleGridAnchorGenerator/Meshgrid_14/ExpandedShape_1/Slice_1/size
MultipleGridAnchorGenerator/Meshgrid_14/ExpandedShape_1/Slice_1
MultipleGridAnchorGenerator/Meshgrid_14/ExpandedShape_1/concat/axis
MultipleGridAnchorGenerator/Meshgrid_14/ExpandedShape_1/concat
MultipleGridAnchorGenerator/Meshgrid_14/Reshape
MultipleGridAnchorGenerator/Meshgrid_14/Tile
MultipleGridAnchorGenerator/Meshgrid_14/Reshape_1
MultipleGridAnchorGenerator/Meshgrid_14/Tile_1
MultipleGridAnchorGenerator/stack_8
MultipleGridAnchorGenerator/stack_9
MultipleGridAnchorGenerator/Reshape_8/shape
MultipleGridAnchorGenerator/Reshape_8
MultipleGridAnchorGenerator/Reshape_9/shape
MultipleGridAnchorGenerator/Reshape_9
MultipleGridAnchorGenerator/mul_51/x
MultipleGridAnchorGenerator/mul_51
MultipleGridAnchorGenerator/sub_4
MultipleGridAnchorGenerator/mul_52/x
MultipleGridAnchorGenerator/mul_52
MultipleGridAnchorGenerator/add_14
MultipleGridAnchorGenerator/concat_4/axis
MultipleGridAnchorGenerator/concat_4
MultipleGridAnchorGenerator/Sqrt_5/x
MultipleGridAnchorGenerator/Sqrt_5
MultipleGridAnchorGenerator/truediv_19/x
MultipleGridAnchorGenerator/truediv_19
MultipleGridAnchorGenerator/mul_54
MultipleGridAnchorGenerator/mul_55/x
MultipleGridAnchorGenerator/mul_55
MultipleGridAnchorGenerator/mul_56
MultipleGridAnchorGenerator/range_10/start
MultipleGridAnchorGenerator/range_10/limit
MultipleGridAnchorGenerator/range_10/delta
MultipleGridAnchorGenerator/range_10
MultipleGridAnchorGenerator/Cast_24
MultipleGridAnchorGenerator/mul_57
MultipleGridAnchorGenerator/add_15
MultipleGridAnchorGenerator/range_11/start
MultipleGridAnchorGenerator/range_11/limit
MultipleGridAnchorGenerator/range_11/delta
MultipleGridAnchorGenerator/range_11
MultipleGridAnchorGenerator/Cast_25
MultipleGridAnchorGenerator/mul_58
MultipleGridAnchorGenerator/add_16
MultipleGridAnchorGenerator/Meshgrid_15/Shape
MultipleGridAnchorGenerator/Meshgrid_15/Rank
MultipleGridAnchorGenerator/Meshgrid_15/ExpandedShape/ExpandDims/input
MultipleGridAnchorGenerator/Meshgrid_15/ExpandedShape/ExpandDims/dim
MultipleGridAnchorGenerator/Meshgrid_15/ExpandedShape/ExpandDims
MultipleGridAnchorGenerator/Meshgrid_15/ExpandedShape/Slice/begin
MultipleGridAnchorGenerator/Meshgrid_15/ExpandedShape/Slice
MultipleGridAnchorGenerator/Meshgrid_15/ExpandedShape/Reshape/shape
MultipleGridAnchorGenerator/Meshgrid_15/ExpandedShape/Reshape
MultipleGridAnchorGenerator/Meshgrid_15/ExpandedShape/ones/Const
MultipleGridAnchorGenerator/Meshgrid_15/ExpandedShape/ones
MultipleGridAnchorGenerator/Meshgrid_15/ExpandedShape/Slice_1/size
MultipleGridAnchorGenerator/Meshgrid_15/ExpandedShape/Slice_1
MultipleGridAnchorGenerator/Meshgrid_15/ExpandedShape/concat/axis
MultipleGridAnchorGenerator/Meshgrid_15/ExpandedShape/concat
MultipleGridAnchorGenerator/Meshgrid_15/Shape_1
MultipleGridAnchorGenerator/Meshgrid_15/Rank_1
MultipleGridAnchorGenerator/Meshgrid_15/Rank_2
MultipleGridAnchorGenerator/Meshgrid_15/ExpandedShape_1/ExpandDims/dim
MultipleGridAnchorGenerator/Meshgrid_15/ExpandedShape_1/ExpandDims
MultipleGridAnchorGenerator/Meshgrid_15/ExpandedShape_1/Slice/begin
MultipleGridAnchorGenerator/Meshgrid_15/ExpandedShape_1/Slice
MultipleGridAnchorGenerator/Meshgrid_15/ExpandedShape_1/Reshape/shape
MultipleGridAnchorGenerator/Meshgrid_15/ExpandedShape_1/Reshape
MultipleGridAnchorGenerator/Meshgrid_15/ExpandedShape_1/ones/Const
MultipleGridAnchorGenerator/Meshgrid_15/ExpandedShape_1/ones
MultipleGridAnchorGenerator/Meshgrid_15/ExpandedShape_1/Slice_1/size
MultipleGridAnchorGenerator/Meshgrid_15/ExpandedShape_1/Slice_1
MultipleGridAnchorGenerator/Meshgrid_15/ExpandedShape_1/concat/axis
MultipleGridAnchorGenerator/Meshgrid_15/ExpandedShape_1/concat
MultipleGridAnchorGenerator/Meshgrid_15/Reshape
MultipleGridAnchorGenerator/Meshgrid_15/Tile
MultipleGridAnchorGenerator/Meshgrid_15/Reshape_1
MultipleGridAnchorGenerator/Meshgrid_15/Tile_1
MultipleGridAnchorGenerator/Meshgrid_16/Shape
MultipleGridAnchorGenerator/Meshgrid_16/Rank
MultipleGridAnchorGenerator/Meshgrid_16/ExpandedShape/ExpandDims/input
MultipleGridAnchorGenerator/Meshgrid_16/ExpandedShape/ExpandDims/dim
MultipleGridAnchorGenerator/Meshgrid_16/ExpandedShape/ExpandDims
MultipleGridAnchorGenerator/Meshgrid_16/ExpandedShape/Slice/begin
MultipleGridAnchorGenerator/Meshgrid_16/ExpandedShape/Slice
MultipleGridAnchorGenerator/Meshgrid_16/ExpandedShape/Reshape/shape
MultipleGridAnchorGenerator/Meshgrid_16/ExpandedShape/Reshape
MultipleGridAnchorGenerator/Meshgrid_16/ExpandedShape/ones/Const
MultipleGridAnchorGenerator/Meshgrid_16/ExpandedShape/ones
MultipleGridAnchorGenerator/Meshgrid_16/ExpandedShape/Slice_1/size
MultipleGridAnchorGenerator/Meshgrid_16/ExpandedShape/Slice_1
MultipleGridAnchorGenerator/Meshgrid_16/ExpandedShape/concat/axis
MultipleGridAnchorGenerator/Meshgrid_16/ExpandedShape/concat
MultipleGridAnchorGenerator/Meshgrid_16/Shape_1
MultipleGridAnchorGenerator/Meshgrid_16/Rank_1
MultipleGridAnchorGenerator/Meshgrid_16/Rank_2
MultipleGridAnchorGenerator/Meshgrid_16/ExpandedShape_1/ExpandDims/dim
MultipleGridAnchorGenerator/Meshgrid_16/ExpandedShape_1/ExpandDims
MultipleGridAnchorGenerator/Meshgrid_16/ExpandedShape_1/Slice/begin
MultipleGridAnchorGenerator/Meshgrid_16/ExpandedShape_1/Slice
MultipleGridAnchorGenerator/Meshgrid_16/ExpandedShape_1/Reshape/shape
MultipleGridAnchorGenerator/Meshgrid_16/ExpandedShape_1/Reshape
MultipleGridAnchorGenerator/Meshgrid_16/ExpandedShape_1/ones/Const
MultipleGridAnchorGenerator/Meshgrid_16/ExpandedShape_1/ones
MultipleGridAnchorGenerator/Meshgrid_16/ExpandedShape_1/Slice_1/size
MultipleGridAnchorGenerator/Meshgrid_16/ExpandedShape_1/Slice_1
MultipleGridAnchorGenerator/Meshgrid_16/ExpandedShape_1/concat/axis
MultipleGridAnchorGenerator/Meshgrid_16/ExpandedShape_1/concat
MultipleGridAnchorGenerator/Meshgrid_16/Reshape
MultipleGridAnchorGenerator/Meshgrid_16/Tile
MultipleGridAnchorGenerator/Meshgrid_16/Reshape_1
MultipleGridAnchorGenerator/Meshgrid_16/Tile_1
MultipleGridAnchorGenerator/Meshgrid_17/Shape
MultipleGridAnchorGenerator/Meshgrid_17/Rank
MultipleGridAnchorGenerator/Meshgrid_17/ExpandedShape/ExpandDims/input
MultipleGridAnchorGenerator/Meshgrid_17/ExpandedShape/ExpandDims/dim
MultipleGridAnchorGenerator/Meshgrid_17/ExpandedShape/ExpandDims
MultipleGridAnchorGenerator/Meshgrid_17/ExpandedShape/Slice/begin
MultipleGridAnchorGenerator/Meshgrid_17/ExpandedShape/Slice
MultipleGridAnchorGenerator/Meshgrid_17/ExpandedShape/Reshape/shape
MultipleGridAnchorGenerator/Meshgrid_17/ExpandedShape/Reshape
MultipleGridAnchorGenerator/Meshgrid_17/ExpandedShape/ones/Const
MultipleGridAnchorGenerator/Meshgrid_17/ExpandedShape/ones
MultipleGridAnchorGenerator/Meshgrid_17/ExpandedShape/Slice_1/size
MultipleGridAnchorGenerator/Meshgrid_17/ExpandedShape/Slice_1
MultipleGridAnchorGenerator/Meshgrid_17/ExpandedShape/concat/axis
MultipleGridAnchorGenerator/Meshgrid_17/ExpandedShape/concat
MultipleGridAnchorGenerator/Meshgrid_17/Shape_1
MultipleGridAnchorGenerator/Meshgrid_17/Rank_1
MultipleGridAnchorGenerator/Meshgrid_17/Rank_2
MultipleGridAnchorGenerator/Meshgrid_17/ExpandedShape_1/ExpandDims/dim
MultipleGridAnchorGenerator/Meshgrid_17/ExpandedShape_1/ExpandDims
MultipleGridAnchorGenerator/Meshgrid_17/ExpandedShape_1/Slice/begin
MultipleGridAnchorGenerator/Meshgrid_17/ExpandedShape_1/Slice
MultipleGridAnchorGenerator/Meshgrid_17/ExpandedShape_1/Reshape/shape
MultipleGridAnchorGenerator/Meshgrid_17/ExpandedShape_1/Reshape
MultipleGridAnchorGenerator/Meshgrid_17/ExpandedShape_1/ones/Const
MultipleGridAnchorGenerator/Meshgrid_17/ExpandedShape_1/ones
MultipleGridAnchorGenerator/Meshgrid_17/ExpandedShape_1/Slice_1/size
MultipleGridAnchorGenerator/Meshgrid_17/ExpandedShape_1/Slice_1
MultipleGridAnchorGenerator/Meshgrid_17/ExpandedShape_1/concat/axis
MultipleGridAnchorGenerator/Meshgrid_17/ExpandedShape_1/concat
MultipleGridAnchorGenerator/Meshgrid_17/Reshape
MultipleGridAnchorGenerator/Meshgrid_17/Tile
MultipleGridAnchorGenerator/Meshgrid_17/Reshape_1
MultipleGridAnchorGenerator/Meshgrid_17/Tile_1
MultipleGridAnchorGenerator/stack_10
MultipleGridAnchorGenerator/stack_11
MultipleGridAnchorGenerator/Reshape_10/shape
MultipleGridAnchorGenerator/Reshape_10
MultipleGridAnchorGenerator/Reshape_11/shape
MultipleGridAnchorGenerator/Reshape_11
MultipleGridAnchorGenerator/mul_59/x
MultipleGridAnchorGenerator/mul_59
MultipleGridAnchorGenerator/sub_5
MultipleGridAnchorGenerator/mul_60/x
MultipleGridAnchorGenerator/mul_60
MultipleGridAnchorGenerator/add_17
MultipleGridAnchorGenerator/concat_5/axis
MultipleGridAnchorGenerator/concat_5
MultipleGridAnchorGenerator/Shape
MultipleGridAnchorGenerator/strided_slice/stack
MultipleGridAnchorGenerator/strided_slice/stack_1
MultipleGridAnchorGenerator/strided_slice/stack_2
MultipleGridAnchorGenerator/strided_slice
MultipleGridAnchorGenerator/add_18/x
MultipleGridAnchorGenerator/add_18
MultipleGridAnchorGenerator/Shape_1
MultipleGridAnchorGenerator/strided_slice_1/stack
MultipleGridAnchorGenerator/strided_slice_1/stack_1
MultipleGridAnchorGenerator/strided_slice_1/stack_2
MultipleGridAnchorGenerator/strided_slice_1
MultipleGridAnchorGenerator/add_19
MultipleGridAnchorGenerator/Shape_2
MultipleGridAnchorGenerator/strided_slice_2/stack
MultipleGridAnchorGenerator/strided_slice_2/stack_1
MultipleGridAnchorGenerator/strided_slice_2/stack_2
MultipleGridAnchorGenerator/strided_slice_2
MultipleGridAnchorGenerator/add_20
MultipleGridAnchorGenerator/Shape_3
MultipleGridAnchorGenerator/strided_slice_3/stack
MultipleGridAnchorGenerator/strided_slice_3/stack_1
MultipleGridAnchorGenerator/strided_slice_3/stack_2
MultipleGridAnchorGenerator/strided_slice_3
MultipleGridAnchorGenerator/add_21
MultipleGridAnchorGenerator/Shape_4
MultipleGridAnchorGenerator/strided_slice_4/stack
MultipleGridAnchorGenerator/strided_slice_4/stack_1
MultipleGridAnchorGenerator/strided_slice_4/stack_2
MultipleGridAnchorGenerator/strided_slice_4
MultipleGridAnchorGenerator/add_22
MultipleGridAnchorGenerator/Shape_5
MultipleGridAnchorGenerator/strided_slice_5/stack
MultipleGridAnchorGenerator/strided_slice_5/stack_1
MultipleGridAnchorGenerator/strided_slice_5/stack_2
MultipleGridAnchorGenerator/strided_slice_5
MultipleGridAnchorGenerator/add_23
MultipleGridAnchorGenerator/assert_equal/x
MultipleGridAnchorGenerator/assert_equal/Equal
MultipleGridAnchorGenerator/assert_equal/Const
MultipleGridAnchorGenerator/assert_equal/All
MultipleGridAnchorGenerator/assert_equal/Assert/Assert/data_0
MultipleGridAnchorGenerator/assert_equal/Assert/Assert/data_1
MultipleGridAnchorGenerator/assert_equal/Assert/Assert/data_2
MultipleGridAnchorGenerator/assert_equal/Assert/Assert/data_4
MultipleGridAnchorGenerator/assert_equal/Assert/Assert
MultipleGridAnchorGenerator/Identity
MultipleGridAnchorGenerator/Identity_1
MultipleGridAnchorGenerator/Identity_2
MultipleGridAnchorGenerator/Identity_3
MultipleGridAnchorGenerator/Identity_4
MultipleGridAnchorGenerator/Identity_5
Concatenate/concat/axis
Concatenate/concat
BoxPredictor_0/BoxEncodingPredictor/weights
BoxPredictor_0/BoxEncodingPredictor/weights/read
BoxPredictor_0/BoxEncodingPredictor/biases
BoxPredictor_0/BoxEncodingPredictor/biases/read
BoxPredictor_0/BoxEncodingPredictor/Conv2D
BoxPredictor_0/BoxEncodingPredictor/BiasAdd
BoxPredictor_0/Shape
BoxPredictor_0/strided_slice/stack
BoxPredictor_0/strided_slice/stack_1
BoxPredictor_0/strided_slice/stack_2
BoxPredictor_0/strided_slice
BoxPredictor_0/Reshape/shape/1
BoxPredictor_0/Reshape/shape/2
BoxPredictor_0/Reshape/shape/3
BoxPredictor_0/Reshape/shape
BoxPredictor_0/Reshape
BoxPredictor_0/ClassPredictor/weights
BoxPredictor_0/ClassPredictor/weights/read
BoxPredictor_0/ClassPredictor/biases
BoxPredictor_0/ClassPredictor/biases/read
BoxPredictor_0/ClassPredictor/Conv2D
BoxPredictor_0/ClassPredictor/BiasAdd
BoxPredictor_0/Shape_1
BoxPredictor_0/strided_slice_1/stack
BoxPredictor_0/strided_slice_1/stack_1
BoxPredictor_0/strided_slice_1/stack_2
BoxPredictor_0/strided_slice_1
BoxPredictor_0/Reshape_1/shape/1
BoxPredictor_0/Reshape_1/shape/2
BoxPredictor_0/Reshape_1/shape
BoxPredictor_0/Reshape_1
BoxPredictor_1/BoxEncodingPredictor/weights
BoxPredictor_1/BoxEncodingPredictor/weights/read
BoxPredictor_1/BoxEncodingPredictor/biases
BoxPredictor_1/BoxEncodingPredictor/biases/read
BoxPredictor_1/BoxEncodingPredictor/Conv2D
BoxPredictor_1/BoxEncodingPredictor/BiasAdd
BoxPredictor_1/Shape
BoxPredictor_1/strided_slice/stack
BoxPredictor_1/strided_slice/stack_1
BoxPredictor_1/strided_slice/stack_2
BoxPredictor_1/strided_slice
BoxPredictor_1/Reshape/shape/1
BoxPredictor_1/Reshape/shape/2
BoxPredictor_1/Reshape/shape/3
BoxPredictor_1/Reshape/shape
BoxPredictor_1/Reshape
BoxPredictor_1/ClassPredictor/weights
BoxPredictor_1/ClassPredictor/weights/read
BoxPredictor_1/ClassPredictor/biases
BoxPredictor_1/ClassPredictor/biases/read
BoxPredictor_1/ClassPredictor/Conv2D
BoxPredictor_1/ClassPredictor/BiasAdd
BoxPredictor_1/Shape_1
BoxPredictor_1/strided_slice_1/stack
BoxPredictor_1/strided_slice_1/stack_1
BoxPredictor_1/strided_slice_1/stack_2
BoxPredictor_1/strided_slice_1
BoxPredictor_1/Reshape_1/shape/1
BoxPredictor_1/Reshape_1/shape/2
BoxPredictor_1/Reshape_1/shape
BoxPredictor_1/Reshape_1
BoxPredictor_2/BoxEncodingPredictor/weights
BoxPredictor_2/BoxEncodingPredictor/weights/read
BoxPredictor_2/BoxEncodingPredictor/biases
BoxPredictor_2/BoxEncodingPredictor/biases/read
BoxPredictor_2/BoxEncodingPredictor/Conv2D
BoxPredictor_2/BoxEncodingPredictor/BiasAdd
BoxPredictor_2/Shape
BoxPredictor_2/strided_slice/stack
BoxPredictor_2/strided_slice/stack_1
BoxPredictor_2/strided_slice/stack_2
BoxPredictor_2/strided_slice
BoxPredictor_2/Reshape/shape/1
BoxPredictor_2/Reshape/shape/2
BoxPredictor_2/Reshape/shape/3
BoxPredictor_2/Reshape/shape
BoxPredictor_2/Reshape
BoxPredictor_2/ClassPredictor/weights
BoxPredictor_2/ClassPredictor/weights/read
BoxPredictor_2/ClassPredictor/biases
BoxPredictor_2/ClassPredictor/biases/read
BoxPredictor_2/ClassPredictor/Conv2D
BoxPredictor_2/ClassPredictor/BiasAdd
BoxPredictor_2/Shape_1
BoxPredictor_2/strided_slice_1/stack
BoxPredictor_2/strided_slice_1/stack_1
BoxPredictor_2/strided_slice_1/stack_2
BoxPredictor_2/strided_slice_1
BoxPredictor_2/Reshape_1/shape/1
BoxPredictor_2/Reshape_1/shape/2
BoxPredictor_2/Reshape_1/shape
BoxPredictor_2/Reshape_1
BoxPredictor_3/BoxEncodingPredictor/weights
BoxPredictor_3/BoxEncodingPredictor/weights/read
BoxPredictor_3/BoxEncodingPredictor/biases
BoxPredictor_3/BoxEncodingPredictor/biases/read
BoxPredictor_3/BoxEncodingPredictor/Conv2D
BoxPredictor_3/BoxEncodingPredictor/BiasAdd
BoxPredictor_3/Shape
BoxPredictor_3/strided_slice/stack
BoxPredictor_3/strided_slice/stack_1
BoxPredictor_3/strided_slice/stack_2
BoxPredictor_3/strided_slice
BoxPredictor_3/Reshape/shape/1
BoxPredictor_3/Reshape/shape/2
BoxPredictor_3/Reshape/shape/3
BoxPredictor_3/Reshape/shape
BoxPredictor_3/Reshape
BoxPredictor_3/ClassPredictor/weights
BoxPredictor_3/ClassPredictor/weights/read
BoxPredictor_3/ClassPredictor/biases
BoxPredictor_3/ClassPredictor/biases/read
BoxPredictor_3/ClassPredictor/Conv2D
BoxPredictor_3/ClassPredictor/BiasAdd
BoxPredictor_3/Shape_1
BoxPredictor_3/strided_slice_1/stack
BoxPredictor_3/strided_slice_1/stack_1
BoxPredictor_3/strided_slice_1/stack_2
BoxPredictor_3/strided_slice_1
BoxPredictor_3/Reshape_1/shape/1
BoxPredictor_3/Reshape_1/shape/2
BoxPredictor_3/Reshape_1/shape
BoxPredictor_3/Reshape_1
BoxPredictor_4/BoxEncodingPredictor/weights
BoxPredictor_4/BoxEncodingPredictor/weights/read
BoxPredictor_4/BoxEncodingPredictor/biases
BoxPredictor_4/BoxEncodingPredictor/biases/read
BoxPredictor_4/BoxEncodingPredictor/Conv2D
BoxPredictor_4/BoxEncodingPredictor/BiasAdd
BoxPredictor_4/Shape
BoxPredictor_4/strided_slice/stack
BoxPredictor_4/strided_slice/stack_1
BoxPredictor_4/strided_slice/stack_2
BoxPredictor_4/strided_slice
BoxPredictor_4/Reshape/shape/1
BoxPredictor_4/Reshape/shape/2
BoxPredictor_4/Reshape/shape/3
BoxPredictor_4/Reshape/shape
BoxPredictor_4/Reshape
BoxPredictor_4/ClassPredictor/weights
BoxPredictor_4/ClassPredictor/weights/read
BoxPredictor_4/ClassPredictor/biases
BoxPredictor_4/ClassPredictor/biases/read
BoxPredictor_4/ClassPredictor/Conv2D
BoxPredictor_4/ClassPredictor/BiasAdd
BoxPredictor_4/Shape_1
BoxPredictor_4/strided_slice_1/stack
BoxPredictor_4/strided_slice_1/stack_1
BoxPredictor_4/strided_slice_1/stack_2
BoxPredictor_4/strided_slice_1
BoxPredictor_4/Reshape_1/shape/1
BoxPredictor_4/Reshape_1/shape/2
BoxPredictor_4/Reshape_1/shape
BoxPredictor_4/Reshape_1
BoxPredictor_5/BoxEncodingPredictor/weights
BoxPredictor_5/BoxEncodingPredictor/weights/read
BoxPredictor_5/BoxEncodingPredictor/biases
BoxPredictor_5/BoxEncodingPredictor/biases/read
BoxPredictor_5/BoxEncodingPredictor/Conv2D
BoxPredictor_5/BoxEncodingPredictor/BiasAdd
BoxPredictor_5/Shape
BoxPredictor_5/strided_slice/stack
BoxPredictor_5/strided_slice/stack_1
BoxPredictor_5/strided_slice/stack_2
BoxPredictor_5/strided_slice
BoxPredictor_5/Reshape/shape/1
BoxPredictor_5/Reshape/shape/2
BoxPredictor_5/Reshape/shape/3
BoxPredictor_5/Reshape/shape
BoxPredictor_5/Reshape
BoxPredictor_5/ClassPredictor/weights
BoxPredictor_5/ClassPredictor/weights/read
BoxPredictor_5/ClassPredictor/biases
BoxPredictor_5/ClassPredictor/biases/read
BoxPredictor_5/ClassPredictor/Conv2D
BoxPredictor_5/ClassPredictor/BiasAdd
BoxPredictor_5/Shape_1
BoxPredictor_5/strided_slice_1/stack
BoxPredictor_5/strided_slice_1/stack_1
BoxPredictor_5/strided_slice_1/stack_2
BoxPredictor_5/strided_slice_1
BoxPredictor_5/Reshape_1/shape/1
BoxPredictor_5/Reshape_1/shape/2
BoxPredictor_5/Reshape_1/shape
BoxPredictor_5/Reshape_1
concat/axis
concat
Squeeze
concat_1/axis
concat_1
Postprocessor/raw_box_encodings
Postprocessor/Shape
Postprocessor/strided_slice/stack
Postprocessor/strided_slice/stack_1
Postprocessor/strided_slice/stack_2
Postprocessor/strided_slice
Postprocessor/strided_slice_1/stack
Postprocessor/strided_slice_1/stack_1
Postprocessor/strided_slice_1/stack_2
Postprocessor/strided_slice_1
Postprocessor/ExpandDims/dim
Postprocessor/ExpandDims
Postprocessor/Tile/multiples/1
Postprocessor/Tile/multiples/2
Postprocessor/Tile/multiples
Postprocessor/Tile
Postprocessor/Reshape/shape
Postprocessor/Reshape
Postprocessor/Reshape_1/shape
Postprocessor/Reshape_1
Postprocessor/Decode/get_center_coordinates_and_sizes/transpose/perm
Postprocessor/Decode/get_center_coordinates_and_sizes/transpose
Postprocessor/Decode/get_center_coordinates_and_sizes/unstack
Postprocessor/Decode/get_center_coordinates_and_sizes/sub
Postprocessor/Decode/get_center_coordinates_and_sizes/sub_1
Postprocessor/Decode/get_center_coordinates_and_sizes/truediv/y
Postprocessor/Decode/get_center_coordinates_and_sizes/truediv
Postprocessor/Decode/get_center_coordinates_and_sizes/add
Postprocessor/Decode/get_center_coordinates_and_sizes/truediv_1/y
Postprocessor/Decode/get_center_coordinates_and_sizes/truediv_1
Postprocessor/Decode/get_center_coordinates_and_sizes/add_1
Postprocessor/Decode/transpose/perm
Postprocessor/Decode/transpose
Postprocessor/Decode/unstack
Postprocessor/Decode/truediv/y
Postprocessor/Decode/truediv
Postprocessor/Decode/truediv_1/y
Postprocessor/Decode/truediv_1
Postprocessor/Decode/truediv_2/y
Postprocessor/Decode/truediv_2
Postprocessor/Decode/truediv_3/y
Postprocessor/Decode/truediv_3
Postprocessor/Decode/Exp
Postprocessor/Decode/mul
Postprocessor/Decode/Exp_1
Postprocessor/Decode/mul_1
Postprocessor/Decode/mul_2
Postprocessor/Decode/add
Postprocessor/Decode/mul_3
Postprocessor/Decode/add_1
Postprocessor/Decode/truediv_4/y
Postprocessor/Decode/truediv_4
Postprocessor/Decode/sub
Postprocessor/Decode/truediv_5/y
Postprocessor/Decode/truediv_5
Postprocessor/Decode/sub_1
Postprocessor/Decode/truediv_6/y
Postprocessor/Decode/truediv_6
Postprocessor/Decode/add_2
Postprocessor/Decode/truediv_7/y
Postprocessor/Decode/truediv_7
Postprocessor/Decode/add_3
Postprocessor/Decode/stack
Postprocessor/Decode/transpose_1/perm
Postprocessor/Decode/transpose_1
Postprocessor/stack/2
Postprocessor/stack
Postprocessor/Reshape_2
Postprocessor/raw_box_locations
Postprocessor/ExpandDims_1/dim
Postprocessor/ExpandDims_1
Postprocessor/scale_logits/y
Postprocessor/scale_logits
Postprocessor/convert_scores
Postprocessor/raw_box_scores
Postprocessor/Slice/begin
Postprocessor/Slice/size
Postprocessor/Slice
Postprocessor/Cast_1
Postprocessor/unstack
Postprocessor/Cast_2/x
Postprocessor/Cast_2
Postprocessor/Cast_3/x
Postprocessor/Cast_3
Postprocessor/zeros_like
Postprocessor/zeros_like_1
Postprocessor/truediv
Postprocessor/truediv_1
Postprocessor/stack_1
Postprocessor/BatchMultiClassNonMaxSuppression/Shape
Postprocessor/BatchMultiClassNonMaxSuppression/strided_slice/stack
Postprocessor/BatchMultiClassNonMaxSuppression/strided_slice/stack_1
Postprocessor/BatchMultiClassNonMaxSuppression/strided_slice/stack_2
Postprocessor/BatchMultiClassNonMaxSuppression/strided_slice
Postprocessor/BatchMultiClassNonMaxSuppression/Shape_1
Postprocessor/BatchMultiClassNonMaxSuppression/strided_slice_1/stack
Postprocessor/BatchMultiClassNonMaxSuppression/strided_slice_1/stack_1
Postprocessor/BatchMultiClassNonMaxSuppression/strided_slice_1/stack_2
Postprocessor/BatchMultiClassNonMaxSuppression/strided_slice_1
Postprocessor/BatchMultiClassNonMaxSuppression/ones/packed
Postprocessor/BatchMultiClassNonMaxSuppression/ones/Const
Postprocessor/BatchMultiClassNonMaxSuppression/ones
Postprocessor/BatchMultiClassNonMaxSuppression/mul
Postprocessor/BatchMultiClassNonMaxSuppression/map/Shape
Postprocessor/BatchMultiClassNonMaxSuppression/map/strided_slice/stack
Postprocessor/BatchMultiClassNonMaxSuppression/map/strided_slice/stack_1
Postprocessor/BatchMultiClassNonMaxSuppression/map/strided_slice/stack_2
Postprocessor/BatchMultiClassNonMaxSuppression/map/strided_slice
Postprocessor/BatchMultiClassNonMaxSuppression/map/TensorArray
Postprocessor/BatchMultiClassNonMaxSuppression/map/TensorArray_1
Postprocessor/BatchMultiClassNonMaxSuppression/map/TensorArray_3
Postprocessor/BatchMultiClassNonMaxSuppression/map/TensorArray_5
Postprocessor/BatchMultiClassNonMaxSuppression/map/TensorArray_6
Postprocessor/BatchMultiClassNonMaxSuppression/map/TensorArrayUnstack/Shape
Postprocessor/BatchMultiClassNonMaxSuppression/map/TensorArrayUnstack/strided_slice/stack
Postprocessor/BatchMultiClassNonMaxSuppression/map/TensorArrayUnstack/strided_slice/stack_1
Postprocessor/BatchMultiClassNonMaxSuppression/map/TensorArrayUnstack/strided_slice/stack_2
Postprocessor/BatchMultiClassNonMaxSuppression/map/TensorArrayUnstack/strided_slice
Postprocessor/BatchMultiClassNonMaxSuppression/map/TensorArrayUnstack/range/start
Postprocessor/BatchMultiClassNonMaxSuppression/map/TensorArrayUnstack/range/delta
Postprocessor/BatchMultiClassNonMaxSuppression/map/TensorArrayUnstack/range
Postprocessor/BatchMultiClassNonMaxSuppression/map/TensorArrayUnstack/TensorArrayScatter/TensorArrayScatterV3
Postprocessor/BatchMultiClassNonMaxSuppression/map/TensorArrayUnstack_1/Shape
Postprocessor/BatchMultiClassNonMaxSuppression/map/TensorArrayUnstack_1/strided_slice/stack
Postprocessor/BatchMultiClassNonMaxSuppression/map/TensorArrayUnstack_1/strided_slice/stack_1
Postprocessor/BatchMultiClassNonMaxSuppression/map/TensorArrayUnstack_1/strided_slice/stack_2
Postprocessor/BatchMultiClassNonMaxSuppression/map/TensorArrayUnstack_1/strided_slice
Postprocessor/BatchMultiClassNonMaxSuppression/map/TensorArrayUnstack_1/range/start
Postprocessor/BatchMultiClassNonMaxSuppression/map/TensorArrayUnstack_1/range/delta
Postprocessor/BatchMultiClassNonMaxSuppression/map/TensorArrayUnstack_1/range
Postprocessor/BatchMultiClassNonMaxSuppression/map/TensorArrayUnstack_1/TensorArrayScatter/TensorArrayScatterV3
Postprocessor/BatchMultiClassNonMaxSuppression/map/TensorArrayUnstack_3/Shape
Postprocessor/BatchMultiClassNonMaxSuppression/map/TensorArrayUnstack_3/strided_slice/stack
Postprocessor/BatchMultiClassNonMaxSuppression/map/TensorArrayUnstack_3/strided_slice/stack_1
Postprocessor/BatchMultiClassNonMaxSuppression/map/TensorArrayUnstack_3/strided_slice/stack_2
Postprocessor/BatchMultiClassNonMaxSuppression/map/TensorArrayUnstack_3/strided_slice
Postprocessor/BatchMultiClassNonMaxSuppression/map/TensorArrayUnstack_3/range/start
Postprocessor/BatchMultiClassNonMaxSuppression/map/TensorArrayUnstack_3/range/delta
Postprocessor/BatchMultiClassNonMaxSuppression/map/TensorArrayUnstack_3/range
Postprocessor/BatchMultiClassNonMaxSuppression/map/TensorArrayUnstack_3/TensorArrayScatter/TensorArrayScatterV3
Postprocessor/BatchMultiClassNonMaxSuppression/map/TensorArrayUnstack_5/Shape
Postprocessor/BatchMultiClassNonMaxSuppression/map/TensorArrayUnstack_5/strided_slice/stack
Postprocessor/BatchMultiClassNonMaxSuppression/map/TensorArrayUnstack_5/strided_slice/stack_1
Postprocessor/BatchMultiClassNonMaxSuppression/map/TensorArrayUnstack_5/strided_slice/stack_2
Postprocessor/BatchMultiClassNonMaxSuppression/map/TensorArrayUnstack_5/strided_slice
Postprocessor/BatchMultiClassNonMaxSuppression/map/TensorArrayUnstack_5/range/start
Postprocessor/BatchMultiClassNonMaxSuppression/map/TensorArrayUnstack_5/range/delta
Postprocessor/BatchMultiClassNonMaxSuppression/map/TensorArrayUnstack_5/range
Postprocessor/BatchMultiClassNonMaxSuppression/map/TensorArrayUnstack_5/TensorArrayScatter/TensorArrayScatterV3
Postprocessor/BatchMultiClassNonMaxSuppression/map/TensorArrayUnstack_6/Shape
Postprocessor/BatchMultiClassNonMaxSuppression/map/TensorArrayUnstack_6/strided_slice/stack
Postprocessor/BatchMultiClassNonMaxSuppression/map/TensorArrayUnstack_6/strided_slice/stack_1
Postprocessor/BatchMultiClassNonMaxSuppression/map/TensorArrayUnstack_6/strided_slice/stack_2
Postprocessor/BatchMultiClassNonMaxSuppression/map/TensorArrayUnstack_6/strided_slice
Postprocessor/BatchMultiClassNonMaxSuppression/map/TensorArrayUnstack_6/range/start
Postprocessor/BatchMultiClassNonMaxSuppression/map/TensorArrayUnstack_6/range/delta
Postprocessor/BatchMultiClassNonMaxSuppression/map/TensorArrayUnstack_6/range
Postprocessor/BatchMultiClassNonMaxSuppression/map/TensorArrayUnstack_6/TensorArrayScatter/TensorArrayScatterV3
Postprocessor/BatchMultiClassNonMaxSuppression/map/Const
Postprocessor/BatchMultiClassNonMaxSuppression/map/TensorArray_7
Postprocessor/BatchMultiClassNonMaxSuppression/map/TensorArray_8
Postprocessor/BatchMultiClassNonMaxSuppression/map/TensorArray_9
Postprocessor/BatchMultiClassNonMaxSuppression/map/TensorArray_12
Postprocessor/BatchMultiClassNonMaxSuppression/map/TensorArray_13
Postprocessor/BatchMultiClassNonMaxSuppression/map/while/iteration_counter
Postprocessor/BatchMultiClassNonMaxSuppression/map/while/Enter
Postprocessor/BatchMultiClassNonMaxSuppression/map/while/Enter_1
Postprocessor/BatchMultiClassNonMaxSuppression/map/while/Enter_2
Postprocessor/BatchMultiClassNonMaxSuppression/map/while/Enter_3
Postprocessor/BatchMultiClassNonMaxSuppression/map/while/Enter_4
Postprocessor/BatchMultiClassNonMaxSuppression/map/while/Enter_7
Postprocessor/BatchMultiClassNonMaxSuppression/map/while/Enter_8
Postprocessor/BatchMultiClassNonMaxSuppression/map/while/Merge
Postprocessor/BatchMultiClassNonMaxSuppression/map/while/Merge_1
Postprocessor/BatchMultiClassNonMaxSuppression/map/while/Merge_2
Postprocessor/BatchMultiClassNonMaxSuppression/map/while/Merge_3
Postprocessor/BatchMultiClassNonMaxSuppression/map/while/Merge_4
Postprocessor/BatchMultiClassNonMaxSuppression/map/while/Merge_7
Postprocessor/BatchMultiClassNonMaxSuppression/map/while/Merge_8
Postprocessor/BatchMultiClassNonMaxSuppression/map/while/Less/Enter
Postprocessor/BatchMultiClassNonMaxSuppression/map/while/Less
Postprocessor/BatchMultiClassNonMaxSuppression/map/while/Less_1
Postprocessor/BatchMultiClassNonMaxSuppression/map/while/LogicalAnd
Postprocessor/BatchMultiClassNonMaxSuppression/map/while/LoopCond
Postprocessor/BatchMultiClassNonMaxSuppression/map/while/Switch
Postprocessor/BatchMultiClassNonMaxSuppression/map/while/Switch_1
Postprocessor/BatchMultiClassNonMaxSuppression/map/while/Switch_2
Postprocessor/BatchMultiClassNonMaxSuppression/map/while/Switch_3
Postprocessor/BatchMultiClassNonMaxSuppression/map/while/Switch_4
Postprocessor/BatchMultiClassNonMaxSuppression/map/while/Switch_7
Postprocessor/BatchMultiClassNonMaxSuppression/map/while/Switch_8
Postprocessor/BatchMultiClassNonMaxSuppression/map/while/Identity
Postprocessor/BatchMultiClassNonMaxSuppression/map/while/Identity_1
Postprocessor/BatchMultiClassNonMaxSuppression/map/while/Identity_2
Postprocessor/BatchMultiClassNonMaxSuppression/map/while/Identity_3
Postprocessor/BatchMultiClassNonMaxSuppression/map/while/Identity_4
Postprocessor/BatchMultiClassNonMaxSuppression/map/while/Identity_7
Postprocessor/BatchMultiClassNonMaxSuppression/map/while/Identity_8
Postprocessor/BatchMultiClassNonMaxSuppression/map/while/add/y
Postprocessor/BatchMultiClassNonMaxSuppression/map/while/add
Postprocessor/BatchMultiClassNonMaxSuppression/map/while/TensorArrayReadV3/Enter
Postprocessor/BatchMultiClassNonMaxSuppression/map/while/TensorArrayReadV3/Enter_1
Postprocessor/BatchMultiClassNonMaxSuppression/map/while/TensorArrayReadV3
Postprocessor/BatchMultiClassNonMaxSuppression/map/while/TensorArrayReadV3_1/Enter
Postprocessor/BatchMultiClassNonMaxSuppression/map/while/TensorArrayReadV3_1/Enter_1
Postprocessor/BatchMultiClassNonMaxSuppression/map/while/TensorArrayReadV3_1
Postprocessor/BatchMultiClassNonMaxSuppression/map/while/TensorArrayReadV3_3/Enter
Postprocessor/BatchMultiClassNonMaxSuppression/map/while/TensorArrayReadV3_3/Enter_1
Postprocessor/BatchMultiClassNonMaxSuppression/map/while/TensorArrayReadV3_3
Postprocessor/BatchMultiClassNonMaxSuppression/map/while/TensorArrayReadV3_5/Enter
Postprocessor/BatchMultiClassNonMaxSuppression/map/while/TensorArrayReadV3_5/Enter_1
Postprocessor/BatchMultiClassNonMaxSuppression/map/while/TensorArrayReadV3_5
Postprocessor/BatchMultiClassNonMaxSuppression/map/while/TensorArrayReadV3_6/Enter
Postprocessor/BatchMultiClassNonMaxSuppression/map/while/TensorArrayReadV3_6/Enter_1
Postprocessor/BatchMultiClassNonMaxSuppression/map/while/TensorArrayReadV3_6
Postprocessor/BatchMultiClassNonMaxSuppression/map/while/stack/1
Postprocessor/BatchMultiClassNonMaxSuppression/map/while/stack/2
Postprocessor/BatchMultiClassNonMaxSuppression/map/while/stack
Postprocessor/BatchMultiClassNonMaxSuppression/map/while/Slice/begin
Postprocessor/BatchMultiClassNonMaxSuppression/map/while/Slice
Postprocessor/BatchMultiClassNonMaxSuppression/map/while/Reshape/shape
Postprocessor/BatchMultiClassNonMaxSuppression/map/while/Reshape
Postprocessor/BatchMultiClassNonMaxSuppression/map/while/stack_1/1
Postprocessor/BatchMultiClassNonMaxSuppression/map/while/stack_1
Postprocessor/BatchMultiClassNonMaxSuppression/map/while/Slice_1/begin
Postprocessor/BatchMultiClassNonMaxSuppression/map/while/Slice_1
Postprocessor/BatchMultiClassNonMaxSuppression/map/while/Reshape_1/shape
Postprocessor/BatchMultiClassNonMaxSuppression/map/while/Reshape_1
Postprocessor/BatchMultiClassNonMaxSuppression/map/while/stack_4/1
Postprocessor/BatchMultiClassNonMaxSuppression/map/while/stack_4
Postprocessor/BatchMultiClassNonMaxSuppression/map/while/Slice_4/begin
Postprocessor/BatchMultiClassNonMaxSuppression/map/while/Slice_4
Postprocessor/BatchMultiClassNonMaxSuppression/map/while/Reshape_4/shape
Postprocessor/BatchMultiClassNonMaxSuppression/map/while/Reshape_4
Postprocessor/BatchMultiClassNonMaxSuppression/map/while/MultiClassNonMaxSuppression/Shape
Postprocessor/BatchMultiClassNonMaxSuppression/map/while/MultiClassNonMaxSuppression/strided_slice/stack
Postprocessor/BatchMultiClassNonMaxSuppression/map/while/MultiClassNonMaxSuppression/strided_slice/stack_1
Postprocessor/BatchMultiClassNonMaxSuppression/map/while/MultiClassNonMaxSuppression/strided_slice/stack_2
Postprocessor/BatchMultiClassNonMaxSuppression/map/while/MultiClassNonMaxSuppression/strided_slice
Postprocessor/BatchMultiClassNonMaxSuppression/map/while/MultiClassNonMaxSuppression/unstack
Postprocessor/BatchMultiClassNonMaxSuppression/map/while/MultiClassNonMaxSuppression/stack/1
Postprocessor/BatchMultiClassNonMaxSuppression/map/while/MultiClassNonMaxSuppression/stack
Postprocessor/BatchMultiClassNonMaxSuppression/map/while/MultiClassNonMaxSuppression/Slice/begin
Postprocessor/BatchMultiClassNonMaxSuppression/map/while/MultiClassNonMaxSuppression/Slice
Postprocessor/BatchMultiClassNonMaxSuppression/map/while/MultiClassNonMaxSuppression/Reshape/shape
Postprocessor/BatchMultiClassNonMaxSuppression/map/while/MultiClassNonMaxSuppression/Reshape
Postprocessor/BatchMultiClassNonMaxSuppression/map/while/MultiClassNonMaxSuppression/Shape_1
Postprocessor/BatchMultiClassNonMaxSuppression/map/while/MultiClassNonMaxSuppression/strided_slice_1/stack
Postprocessor/BatchMultiClassNonMaxSuppression/map/while/MultiClassNonMaxSuppression/strided_slice_1/stack_1
Postprocessor/BatchMultiClassNonMaxSuppression/map/while/MultiClassNonMaxSuppression/strided_slice_1/stack_2
Postprocessor/BatchMultiClassNonMaxSuppression/map/while/MultiClassNonMaxSuppression/strided_slice_1
Postprocessor/BatchMultiClassNonMaxSuppression/map/while/MultiClassNonMaxSuppression/Minimum/x
Postprocessor/BatchMultiClassNonMaxSuppression/map/while/MultiClassNonMaxSuppression/Minimum
Postprocessor/BatchMultiClassNonMaxSuppression/map/while/MultiClassNonMaxSuppression/non_max_suppression/iou_threshold
Postprocessor/BatchMultiClassNonMaxSuppression/map/while/MultiClassNonMaxSuppression/non_max_suppression/score_threshold
Postprocessor/BatchMultiClassNonMaxSuppression/map/while/MultiClassNonMaxSuppression/non_max_suppression/NonMaxSuppressionV3
Postprocessor/BatchMultiClassNonMaxSuppression/map/while/MultiClassNonMaxSuppression/Shape_2
Postprocessor/BatchMultiClassNonMaxSuppression/map/while/MultiClassNonMaxSuppression/strided_slice_2/stack
Postprocessor/BatchMultiClassNonMaxSuppression/map/while/MultiClassNonMaxSuppression/strided_slice_2/stack_1
Postprocessor/BatchMultiClassNonMaxSuppression/map/while/MultiClassNonMaxSuppression/strided_slice_2/stack_2
Postprocessor/BatchMultiClassNonMaxSuppression/map/while/MultiClassNonMaxSuppression/strided_slice_2
Postprocessor/BatchMultiClassNonMaxSuppression/map/while/MultiClassNonMaxSuppression/sub
Postprocessor/BatchMultiClassNonMaxSuppression/map/while/MultiClassNonMaxSuppression/zeros/Reshape/shape
Postprocessor/BatchMultiClassNonMaxSuppression/map/while/MultiClassNonMaxSuppression/zeros/Reshape
Postprocessor/BatchMultiClassNonMaxSuppression/map/while/MultiClassNonMaxSuppression/zeros/Const
Postprocessor/BatchMultiClassNonMaxSuppression/map/while/MultiClassNonMaxSuppression/zeros
Postprocessor/BatchMultiClassNonMaxSuppression/map/while/MultiClassNonMaxSuppression/concat/axis
Postprocessor/BatchMultiClassNonMaxSuppression/map/while/MultiClassNonMaxSuppression/concat
Postprocessor/BatchMultiClassNonMaxSuppression/map/while/MultiClassNonMaxSuppression/Gather/GatherV2_1/axis
Postprocessor/BatchMultiClassNonMaxSuppression/map/while/MultiClassNonMaxSuppression/Gather/GatherV2_1
Postprocessor/BatchMultiClassNonMaxSuppression/map/while/MultiClassNonMaxSuppression/Gather/GatherV2_4/axis
Postprocessor/BatchMultiClassNonMaxSuppression/map/while/MultiClassNonMaxSuppression/Gather/GatherV2_4
Postprocessor/BatchMultiClassNonMaxSuppression/map/while/MultiClassNonMaxSuppression/Gather/GatherV2_5/axis
Postprocessor/BatchMultiClassNonMaxSuppression/map/while/MultiClassNonMaxSuppression/Gather/GatherV2_5
Postprocessor/BatchMultiClassNonMaxSuppression/map/while/MultiClassNonMaxSuppression/range/start
Postprocessor/BatchMultiClassNonMaxSuppression/map/while/MultiClassNonMaxSuppression/range/delta
Postprocessor/BatchMultiClassNonMaxSuppression/map/while/MultiClassNonMaxSuppression/range
Postprocessor/BatchMultiClassNonMaxSuppression/map/while/MultiClassNonMaxSuppression/Less
Postprocessor/BatchMultiClassNonMaxSuppression/map/while/MultiClassNonMaxSuppression/ones/Reshape/shape
Postprocessor/BatchMultiClassNonMaxSuppression/map/while/MultiClassNonMaxSuppression/ones/Reshape
Postprocessor/BatchMultiClassNonMaxSuppression/map/while/MultiClassNonMaxSuppression/ones/Const
Postprocessor/BatchMultiClassNonMaxSuppression/map/while/MultiClassNonMaxSuppression/ones
Postprocessor/BatchMultiClassNonMaxSuppression/map/while/MultiClassNonMaxSuppression/mul/x
Postprocessor/BatchMultiClassNonMaxSuppression/map/while/MultiClassNonMaxSuppression/mul
Postprocessor/BatchMultiClassNonMaxSuppression/map/while/MultiClassNonMaxSuppression/Select
Postprocessor/BatchMultiClassNonMaxSuppression/map/while/MultiClassNonMaxSuppression/zeros_like
Postprocessor/BatchMultiClassNonMaxSuppression/map/while/MultiClassNonMaxSuppression/add_1/y
Postprocessor/BatchMultiClassNonMaxSuppression/map/while/MultiClassNonMaxSuppression/add_1
Postprocessor/BatchMultiClassNonMaxSuppression/map/while/MultiClassNonMaxSuppression/Concatenate/concat
Postprocessor/BatchMultiClassNonMaxSuppression/map/while/MultiClassNonMaxSuppression/Concatenate/concat_1
Postprocessor/BatchMultiClassNonMaxSuppression/map/while/MultiClassNonMaxSuppression/Concatenate/concat_4
Postprocessor/BatchMultiClassNonMaxSuppression/map/while/MultiClassNonMaxSuppression/Concatenate/concat_5
Postprocessor/BatchMultiClassNonMaxSuppression/map/while/MultiClassNonMaxSuppression/SortByField/Shape
Postprocessor/BatchMultiClassNonMaxSuppression/map/while/MultiClassNonMaxSuppression/SortByField/strided_slice/stack
Postprocessor/BatchMultiClassNonMaxSuppression/map/while/MultiClassNonMaxSuppression/SortByField/strided_slice/stack_1
Postprocessor/BatchMultiClassNonMaxSuppression/map/while/MultiClassNonMaxSuppression/SortByField/strided_slice/stack_2
Postprocessor/BatchMultiClassNonMaxSuppression/map/while/MultiClassNonMaxSuppression/SortByField/strided_slice
Postprocessor/BatchMultiClassNonMaxSuppression/map/while/MultiClassNonMaxSuppression/SortByField/Size
Postprocessor/BatchMultiClassNonMaxSuppression/map/while/MultiClassNonMaxSuppression/SortByField/Equal
Postprocessor/BatchMultiClassNonMaxSuppression/map/while/MultiClassNonMaxSuppression/SortByField/Assert/Assert/data_0
Postprocessor/BatchMultiClassNonMaxSuppression/map/while/MultiClassNonMaxSuppression/SortByField/Assert/Assert
Postprocessor/BatchMultiClassNonMaxSuppression/map/while/MultiClassNonMaxSuppression/SortByField/TopKV2
Postprocessor/BatchMultiClassNonMaxSuppression/map/while/MultiClassNonMaxSuppression/SortByField/Gather/GatherV2_1/axis
Postprocessor/BatchMultiClassNonMaxSuppression/map/while/MultiClassNonMaxSuppression/SortByField/Gather/GatherV2_1
Postprocessor/BatchMultiClassNonMaxSuppression/map/while/MultiClassNonMaxSuppression/SortByField/Gather/GatherV2_4/axis
Postprocessor/BatchMultiClassNonMaxSuppression/map/while/MultiClassNonMaxSuppression/SortByField/Gather/GatherV2_4
Postprocessor/BatchMultiClassNonMaxSuppression/map/while/MultiClassNonMaxSuppression/SortByField/Gather/GatherV2_5/axis
Postprocessor/BatchMultiClassNonMaxSuppression/map/while/MultiClassNonMaxSuppression/SortByField/Gather/GatherV2_5
Postprocessor/BatchMultiClassNonMaxSuppression/map/while/MultiClassNonMaxSuppression/SortByField/Gather/GatherV2_6/axis
Postprocessor/BatchMultiClassNonMaxSuppression/map/while/MultiClassNonMaxSuppression/SortByField/Gather/GatherV2_6
Postprocessor/BatchMultiClassNonMaxSuppression/map/while/MultiClassNonMaxSuppression/ClipToWindow/split/split_dim
Postprocessor/BatchMultiClassNonMaxSuppression/map/while/MultiClassNonMaxSuppression/ClipToWindow/split
Postprocessor/BatchMultiClassNonMaxSuppression/map/while/MultiClassNonMaxSuppression/ClipToWindow/unstack
Postprocessor/BatchMultiClassNonMaxSuppression/map/while/MultiClassNonMaxSuppression/ClipToWindow/Minimum
Postprocessor/BatchMultiClassNonMaxSuppression/map/while/MultiClassNonMaxSuppression/ClipToWindow/Maximum
Postprocessor/BatchMultiClassNonMaxSuppression/map/while/MultiClassNonMaxSuppression/ClipToWindow/Minimum_1
Postprocessor/BatchMultiClassNonMaxSuppression/map/while/MultiClassNonMaxSuppression/ClipToWindow/Maximum_1
Postprocessor/BatchMultiClassNonMaxSuppression/map/while/MultiClassNonMaxSuppression/ClipToWindow/Minimum_2
Postprocessor/BatchMultiClassNonMaxSuppression/map/while/MultiClassNonMaxSuppression/ClipToWindow/Maximum_2
Postprocessor/BatchMultiClassNonMaxSuppression/map/while/MultiClassNonMaxSuppression/ClipToWindow/Minimum_3
Postprocessor/BatchMultiClassNonMaxSuppression/map/while/MultiClassNonMaxSuppression/ClipToWindow/Maximum_3
Postprocessor/BatchMultiClassNonMaxSuppression/map/while/MultiClassNonMaxSuppression/ClipToWindow/concat/axis
Postprocessor/BatchMultiClassNonMaxSuppression/map/while/MultiClassNonMaxSuppression/ClipToWindow/concat
Postprocessor/BatchMultiClassNonMaxSuppression/map/while/MultiClassNonMaxSuppression/ClipToWindow/Area/split/split_dim
Postprocessor/BatchMultiClassNonMaxSuppression/map/while/MultiClassNonMaxSuppression/ClipToWindow/Area/split
Postprocessor/BatchMultiClassNonMaxSuppression/map/while/MultiClassNonMaxSuppression/ClipToWindow/Area/sub
Postprocessor/BatchMultiClassNonMaxSuppression/map/while/MultiClassNonMaxSuppression/ClipToWindow/Area/sub_1
Postprocessor/BatchMultiClassNonMaxSuppression/map/while/MultiClassNonMaxSuppression/ClipToWindow/Area/mul
Postprocessor/BatchMultiClassNonMaxSuppression/map/while/MultiClassNonMaxSuppression/ClipToWindow/Area/Squeeze
Postprocessor/BatchMultiClassNonMaxSuppression/map/while/MultiClassNonMaxSuppression/ClipToWindow/Greater/y
Postprocessor/BatchMultiClassNonMaxSuppression/map/while/MultiClassNonMaxSuppression/ClipToWindow/Greater
Postprocessor/BatchMultiClassNonMaxSuppression/map/while/MultiClassNonMaxSuppression/ClipToWindow/Where
Postprocessor/BatchMultiClassNonMaxSuppression/map/while/MultiClassNonMaxSuppression/ClipToWindow/Reshape/shape
Postprocessor/BatchMultiClassNonMaxSuppression/map/while/MultiClassNonMaxSuppression/ClipToWindow/Reshape
Postprocessor/BatchMultiClassNonMaxSuppression/map/while/MultiClassNonMaxSuppression/ClipToWindow/Cast
Postprocessor/BatchMultiClassNonMaxSuppression/map/while/MultiClassNonMaxSuppression/ClipToWindow/Gather/GatherV2_1/axis
Postprocessor/BatchMultiClassNonMaxSuppression/map/while/MultiClassNonMaxSuppression/ClipToWindow/Gather/GatherV2_1
Postprocessor/BatchMultiClassNonMaxSuppression/map/while/MultiClassNonMaxSuppression/ClipToWindow/Gather/GatherV2_4/axis
Postprocessor/BatchMultiClassNonMaxSuppression/map/while/MultiClassNonMaxSuppression/ClipToWindow/Gather/GatherV2_4
Postprocessor/BatchMultiClassNonMaxSuppression/map/while/MultiClassNonMaxSuppression/ClipToWindow/Gather/GatherV2_5/axis
Postprocessor/BatchMultiClassNonMaxSuppression/map/while/MultiClassNonMaxSuppression/ClipToWindow/Gather/GatherV2_5
Postprocessor/BatchMultiClassNonMaxSuppression/map/while/MultiClassNonMaxSuppression/ClipToWindow/Gather/GatherV2_6/axis
Postprocessor/BatchMultiClassNonMaxSuppression/map/while/MultiClassNonMaxSuppression/ClipToWindow/Gather/GatherV2_6
Postprocessor/BatchMultiClassNonMaxSuppression/map/while/MultiClassNonMaxSuppression/Shape_3
Postprocessor/BatchMultiClassNonMaxSuppression/map/while/MultiClassNonMaxSuppression/strided_slice_3/stack
Postprocessor/BatchMultiClassNonMaxSuppression/map/while/MultiClassNonMaxSuppression/strided_slice_3/stack_1
Postprocessor/BatchMultiClassNonMaxSuppression/map/while/MultiClassNonMaxSuppression/strided_slice_3/stack_2
Postprocessor/BatchMultiClassNonMaxSuppression/map/while/MultiClassNonMaxSuppression/strided_slice_3
Postprocessor/BatchMultiClassNonMaxSuppression/map/while/MultiClassNonMaxSuppression/Area/split/split_dim
Postprocessor/BatchMultiClassNonMaxSuppression/map/while/MultiClassNonMaxSuppression/Area/split
Postprocessor/BatchMultiClassNonMaxSuppression/map/while/MultiClassNonMaxSuppression/Area/sub
Postprocessor/BatchMultiClassNonMaxSuppression/map/while/MultiClassNonMaxSuppression/Area/sub_1
Postprocessor/BatchMultiClassNonMaxSuppression/map/while/MultiClassNonMaxSuppression/Area/mul
Postprocessor/BatchMultiClassNonMaxSuppression/map/while/MultiClassNonMaxSuppression/Area/Squeeze
Postprocessor/BatchMultiClassNonMaxSuppression/map/while/MultiClassNonMaxSuppression/Cast
Postprocessor/BatchMultiClassNonMaxSuppression/map/while/MultiClassNonMaxSuppression/ones_1/Reshape/shape
Postprocessor/BatchMultiClassNonMaxSuppression/map/while/MultiClassNonMaxSuppression/ones_1/Reshape
Postprocessor/BatchMultiClassNonMaxSuppression/map/while/MultiClassNonMaxSuppression/ones_1/Const
Postprocessor/BatchMultiClassNonMaxSuppression/map/while/MultiClassNonMaxSuppression/ones_1
Postprocessor/BatchMultiClassNonMaxSuppression/map/while/MultiClassNonMaxSuppression/mul_1/x
Postprocessor/BatchMultiClassNonMaxSuppression/map/while/MultiClassNonMaxSuppression/mul_1
Postprocessor/BatchMultiClassNonMaxSuppression/map/while/MultiClassNonMaxSuppression/Select_1
Postprocessor/BatchMultiClassNonMaxSuppression/map/while/MultiClassNonMaxSuppression/GreaterEqual/y
Postprocessor/BatchMultiClassNonMaxSuppression/map/while/MultiClassNonMaxSuppression/GreaterEqual
Postprocessor/BatchMultiClassNonMaxSuppression/map/while/MultiClassNonMaxSuppression/Cast_1
Postprocessor/BatchMultiClassNonMaxSuppression/map/while/MultiClassNonMaxSuppression/Const_1
Postprocessor/BatchMultiClassNonMaxSuppression/map/while/MultiClassNonMaxSuppression/Sum
Postprocessor/BatchMultiClassNonMaxSuppression/map/while/MultiClassNonMaxSuppression/SortByField_1/Shape
Postprocessor/BatchMultiClassNonMaxSuppression/map/while/MultiClassNonMaxSuppression/SortByField_1/strided_slice/stack
Postprocessor/BatchMultiClassNonMaxSuppression/map/while/MultiClassNonMaxSuppression/SortByField_1/strided_slice/stack_1
Postprocessor/BatchMultiClassNonMaxSuppression/map/while/MultiClassNonMaxSuppression/SortByField_1/strided_slice/stack_2
Postprocessor/BatchMultiClassNonMaxSuppression/map/while/MultiClassNonMaxSuppression/SortByField_1/strided_slice
Postprocessor/BatchMultiClassNonMaxSuppression/map/while/MultiClassNonMaxSuppression/SortByField_1/Size
Postprocessor/BatchMultiClassNonMaxSuppression/map/while/MultiClassNonMaxSuppression/SortByField_1/Equal
Postprocessor/BatchMultiClassNonMaxSuppression/map/while/MultiClassNonMaxSuppression/SortByField_1/Assert/Assert/data_0
Postprocessor/BatchMultiClassNonMaxSuppression/map/while/MultiClassNonMaxSuppression/SortByField_1/Assert/Assert
Postprocessor/BatchMultiClassNonMaxSuppression/map/while/MultiClassNonMaxSuppression/SortByField_1/TopKV2
Postprocessor/BatchMultiClassNonMaxSuppression/map/while/MultiClassNonMaxSuppression/SortByField_1/Gather/GatherV2_1/axis
Postprocessor/BatchMultiClassNonMaxSuppression/map/while/MultiClassNonMaxSuppression/SortByField_1/Gather/GatherV2_1
Postprocessor/BatchMultiClassNonMaxSuppression/map/while/MultiClassNonMaxSuppression/SortByField_1/Gather/GatherV2_4/axis
Postprocessor/BatchMultiClassNonMaxSuppression/map/while/MultiClassNonMaxSuppression/SortByField_1/Gather/GatherV2_4
Postprocessor/BatchMultiClassNonMaxSuppression/map/while/MultiClassNonMaxSuppression/SortByField_1/Gather/GatherV2_5/axis
Postprocessor/BatchMultiClassNonMaxSuppression/map/while/MultiClassNonMaxSuppression/SortByField_1/Gather/GatherV2_5
Postprocessor/BatchMultiClassNonMaxSuppression/map/while/MultiClassNonMaxSuppression/SortByField_1/Gather/GatherV2_6/axis
Postprocessor/BatchMultiClassNonMaxSuppression/map/while/MultiClassNonMaxSuppression/SortByField_1/Gather/GatherV2_6
Postprocessor/BatchMultiClassNonMaxSuppression/map/while/MultiClassNonMaxSuppression/Shape_4
Postprocessor/BatchMultiClassNonMaxSuppression/map/while/MultiClassNonMaxSuppression/strided_slice_4/stack
Postprocessor/BatchMultiClassNonMaxSuppression/map/while/MultiClassNonMaxSuppression/strided_slice_4/stack_1
Postprocessor/BatchMultiClassNonMaxSuppression/map/while/MultiClassNonMaxSuppression/strided_slice_4/stack_2
Postprocessor/BatchMultiClassNonMaxSuppression/map/while/MultiClassNonMaxSuppression/strided_slice_4
Postprocessor/BatchMultiClassNonMaxSuppression/map/while/MultiClassNonMaxSuppression/Minimum_1/x
Postprocessor/BatchMultiClassNonMaxSuppression/map/while/MultiClassNonMaxSuppression/Minimum_1
Postprocessor/BatchMultiClassNonMaxSuppression/map/while/MultiClassNonMaxSuppression/range_1/start
Postprocessor/BatchMultiClassNonMaxSuppression/map/while/MultiClassNonMaxSuppression/range_1/delta
Postprocessor/BatchMultiClassNonMaxSuppression/map/while/MultiClassNonMaxSuppression/range_1
Postprocessor/BatchMultiClassNonMaxSuppression/map/while/MultiClassNonMaxSuppression/Gather_1/GatherV2_1/axis
Postprocessor/BatchMultiClassNonMaxSuppression/map/while/MultiClassNonMaxSuppression/Gather_1/GatherV2_1
Postprocessor/BatchMultiClassNonMaxSuppression/map/while/MultiClassNonMaxSuppression/Gather_1/GatherV2_4/axis
Postprocessor/BatchMultiClassNonMaxSuppression/map/while/MultiClassNonMaxSuppression/Gather_1/GatherV2_4
Postprocessor/BatchMultiClassNonMaxSuppression/map/while/MultiClassNonMaxSuppression/Gather_1/GatherV2_5/axis
Postprocessor/BatchMultiClassNonMaxSuppression/map/while/MultiClassNonMaxSuppression/Gather_1/GatherV2_5
Postprocessor/BatchMultiClassNonMaxSuppression/map/while/MultiClassNonMaxSuppression/Gather_1/GatherV2_6/axis
Postprocessor/BatchMultiClassNonMaxSuppression/map/while/MultiClassNonMaxSuppression/Gather_1/GatherV2_6
Postprocessor/BatchMultiClassNonMaxSuppression/map/while/MultiClassNonMaxSuppression/Greater
Postprocessor/BatchMultiClassNonMaxSuppression/map/while/MultiClassNonMaxSuppression/Select_2
Postprocessor/BatchMultiClassNonMaxSuppression/map/while/MultiClassNonMaxSuppression/range_2/start
Postprocessor/BatchMultiClassNonMaxSuppression/map/while/MultiClassNonMaxSuppression/range_2/delta
Postprocessor/BatchMultiClassNonMaxSuppression/map/while/MultiClassNonMaxSuppression/range_2
Postprocessor/BatchMultiClassNonMaxSuppression/map/while/MultiClassNonMaxSuppression/Gather_2/GatherV2_1/axis
Postprocessor/BatchMultiClassNonMaxSuppression/map/while/MultiClassNonMaxSuppression/Gather_2/GatherV2_1
Postprocessor/BatchMultiClassNonMaxSuppression/map/while/MultiClassNonMaxSuppression/Gather_2/GatherV2_4/axis
Postprocessor/BatchMultiClassNonMaxSuppression/map/while/MultiClassNonMaxSuppression/Gather_2/GatherV2_4
Postprocessor/BatchMultiClassNonMaxSuppression/map/while/MultiClassNonMaxSuppression/Gather_2/GatherV2_5/axis
Postprocessor/BatchMultiClassNonMaxSuppression/map/while/MultiClassNonMaxSuppression/Gather_2/GatherV2_5
Postprocessor/BatchMultiClassNonMaxSuppression/map/while/MultiClassNonMaxSuppression/Gather_2/GatherV2_6/axis
Postprocessor/BatchMultiClassNonMaxSuppression/map/while/MultiClassNonMaxSuppression/Gather_2/GatherV2_6
Postprocessor/BatchMultiClassNonMaxSuppression/map/while/PadOrClipBoxList/Shape
Postprocessor/BatchMultiClassNonMaxSuppression/map/while/PadOrClipBoxList/strided_slice/stack
Postprocessor/BatchMultiClassNonMaxSuppression/map/while/PadOrClipBoxList/strided_slice/stack_1
Postprocessor/BatchMultiClassNonMaxSuppression/map/while/PadOrClipBoxList/strided_slice/stack_2
Postprocessor/BatchMultiClassNonMaxSuppression/map/while/PadOrClipBoxList/strided_slice
Postprocessor/BatchMultiClassNonMaxSuppression/map/while/PadOrClipBoxList/sub/y
Postprocessor/BatchMultiClassNonMaxSuppression/map/while/PadOrClipBoxList/sub
Postprocessor/BatchMultiClassNonMaxSuppression/map/while/PadOrClipBoxList/Greater/y
Postprocessor/BatchMultiClassNonMaxSuppression/map/while/PadOrClipBoxList/Greater
Postprocessor/BatchMultiClassNonMaxSuppression/map/while/PadOrClipBoxList/Select/t
Postprocessor/BatchMultiClassNonMaxSuppression/map/while/PadOrClipBoxList/Select/e
Postprocessor/BatchMultiClassNonMaxSuppression/map/while/PadOrClipBoxList/Select
Postprocessor/BatchMultiClassNonMaxSuppression/map/while/PadOrClipBoxList/strided_slice_1/stack
Postprocessor/BatchMultiClassNonMaxSuppression/map/while/PadOrClipBoxList/strided_slice_1/stack_1
Postprocessor/BatchMultiClassNonMaxSuppression/map/while/PadOrClipBoxList/strided_slice_1/stack_2
Postprocessor/BatchMultiClassNonMaxSuppression/map/while/PadOrClipBoxList/strided_slice_1
Postprocessor/BatchMultiClassNonMaxSuppression/map/while/PadOrClipBoxList/sub_1/y
Postprocessor/BatchMultiClassNonMaxSuppression/map/while/PadOrClipBoxList/sub_1
Postprocessor/BatchMultiClassNonMaxSuppression/map/while/PadOrClipBoxList/Greater_1/y
Postprocessor/BatchMultiClassNonMaxSuppression/map/while/PadOrClipBoxList/Greater_1
Postprocessor/BatchMultiClassNonMaxSuppression/map/while/PadOrClipBoxList/Select_1/t
Postprocessor/BatchMultiClassNonMaxSuppression/map/while/PadOrClipBoxList/Select_1/e
Postprocessor/BatchMultiClassNonMaxSuppression/map/while/PadOrClipBoxList/Select_1
Postprocessor/BatchMultiClassNonMaxSuppression/map/while/PadOrClipBoxList/zeros/shape_as_tensor
Postprocessor/BatchMultiClassNonMaxSuppression/map/while/PadOrClipBoxList/zeros/Const
Postprocessor/BatchMultiClassNonMaxSuppression/map/while/PadOrClipBoxList/zeros
Postprocessor/BatchMultiClassNonMaxSuppression/map/while/PadOrClipBoxList/Slice/size
Postprocessor/BatchMultiClassNonMaxSuppression/map/while/PadOrClipBoxList/Slice
Postprocessor/BatchMultiClassNonMaxSuppression/map/while/PadOrClipBoxList/Shape_1
Postprocessor/BatchMultiClassNonMaxSuppression/map/while/PadOrClipBoxList/strided_slice_2/stack
Postprocessor/BatchMultiClassNonMaxSuppression/map/while/PadOrClipBoxList/strided_slice_2/stack_1
Postprocessor/BatchMultiClassNonMaxSuppression/map/while/PadOrClipBoxList/strided_slice_2/stack_2
Postprocessor/BatchMultiClassNonMaxSuppression/map/while/PadOrClipBoxList/strided_slice_2
Postprocessor/BatchMultiClassNonMaxSuppression/map/while/PadOrClipBoxList/sub_2/x
Postprocessor/BatchMultiClassNonMaxSuppression/map/while/PadOrClipBoxList/sub_2
Postprocessor/BatchMultiClassNonMaxSuppression/map/while/PadOrClipBoxList/strided_slice_3/stack
Postprocessor/BatchMultiClassNonMaxSuppression/map/while/PadOrClipBoxList/strided_slice_3/stack_1
Postprocessor/BatchMultiClassNonMaxSuppression/map/while/PadOrClipBoxList/strided_slice_3/stack_2
Postprocessor/BatchMultiClassNonMaxSuppression/map/while/PadOrClipBoxList/strided_slice_3
Postprocessor/BatchMultiClassNonMaxSuppression/map/while/PadOrClipBoxList/sub_3/x
Postprocessor/BatchMultiClassNonMaxSuppression/map/while/PadOrClipBoxList/sub_3
Postprocessor/BatchMultiClassNonMaxSuppression/map/while/PadOrClipBoxList/zeros_1/shape_as_tensor
Postprocessor/BatchMultiClassNonMaxSuppression/map/while/PadOrClipBoxList/zeros_1/Const
Postprocessor/BatchMultiClassNonMaxSuppression/map/while/PadOrClipBoxList/zeros_1
Postprocessor/BatchMultiClassNonMaxSuppression/map/while/PadOrClipBoxList/stack/values_1
Postprocessor/BatchMultiClassNonMaxSuppression/map/while/PadOrClipBoxList/stack
Postprocessor/BatchMultiClassNonMaxSuppression/map/while/PadOrClipBoxList/Pad
Postprocessor/BatchMultiClassNonMaxSuppression/map/while/PadOrClipBoxList/Shape_2
Postprocessor/BatchMultiClassNonMaxSuppression/map/while/PadOrClipBoxList/strided_slice_4/stack
Postprocessor/BatchMultiClassNonMaxSuppression/map/while/PadOrClipBoxList/strided_slice_4/stack_1
Postprocessor/BatchMultiClassNonMaxSuppression/map/while/PadOrClipBoxList/strided_slice_4/stack_2
Postprocessor/BatchMultiClassNonMaxSuppression/map/while/PadOrClipBoxList/strided_slice_4
Postprocessor/BatchMultiClassNonMaxSuppression/map/while/PadOrClipBoxList/sub_4/y
Postprocessor/BatchMultiClassNonMaxSuppression/map/while/PadOrClipBoxList/sub_4
Postprocessor/BatchMultiClassNonMaxSuppression/map/while/PadOrClipBoxList/Greater_2/y
Postprocessor/BatchMultiClassNonMaxSuppression/map/while/PadOrClipBoxList/Greater_2
Postprocessor/BatchMultiClassNonMaxSuppression/map/while/PadOrClipBoxList/Select_2/t
Postprocessor/BatchMultiClassNonMaxSuppression/map/while/PadOrClipBoxList/Select_2/e
Postprocessor/BatchMultiClassNonMaxSuppression/map/while/PadOrClipBoxList/Select_2
Postprocessor/BatchMultiClassNonMaxSuppression/map/while/PadOrClipBoxList/zeros_2/shape_as_tensor
Postprocessor/BatchMultiClassNonMaxSuppression/map/while/PadOrClipBoxList/zeros_2/Const
Postprocessor/BatchMultiClassNonMaxSuppression/map/while/PadOrClipBoxList/zeros_2
Postprocessor/BatchMultiClassNonMaxSuppression/map/while/PadOrClipBoxList/Slice_1/size
Postprocessor/BatchMultiClassNonMaxSuppression/map/while/PadOrClipBoxList/Slice_1
Postprocessor/BatchMultiClassNonMaxSuppression/map/while/PadOrClipBoxList/Shape_3
Postprocessor/BatchMultiClassNonMaxSuppression/map/while/PadOrClipBoxList/strided_slice_5/stack
Postprocessor/BatchMultiClassNonMaxSuppression/map/while/PadOrClipBoxList/strided_slice_5/stack_1
Postprocessor/BatchMultiClassNonMaxSuppression/map/while/PadOrClipBoxList/strided_slice_5/stack_2
Postprocessor/BatchMultiClassNonMaxSuppression/map/while/PadOrClipBoxList/strided_slice_5
Postprocessor/BatchMultiClassNonMaxSuppression/map/while/PadOrClipBoxList/sub_5/x
Postprocessor/BatchMultiClassNonMaxSuppression/map/while/PadOrClipBoxList/sub_5
Postprocessor/BatchMultiClassNonMaxSuppression/map/while/PadOrClipBoxList/zeros_3/shape_as_tensor
Postprocessor/BatchMultiClassNonMaxSuppression/map/while/PadOrClipBoxList/zeros_3/Const
Postprocessor/BatchMultiClassNonMaxSuppression/map/while/PadOrClipBoxList/zeros_3
Postprocessor/BatchMultiClassNonMaxSuppression/map/while/PadOrClipBoxList/stack_1/values_1
Postprocessor/BatchMultiClassNonMaxSuppression/map/while/PadOrClipBoxList/stack_1
Postprocessor/BatchMultiClassNonMaxSuppression/map/while/PadOrClipBoxList/Pad_1
Postprocessor/BatchMultiClassNonMaxSuppression/map/while/PadOrClipBoxList/Shape_8
Postprocessor/BatchMultiClassNonMaxSuppression/map/while/PadOrClipBoxList/strided_slice_14/stack
Postprocessor/BatchMultiClassNonMaxSuppression/map/while/PadOrClipBoxList/strided_slice_14/stack_1
Postprocessor/BatchMultiClassNonMaxSuppression/map/while/PadOrClipBoxList/strided_slice_14/stack_2
Postprocessor/BatchMultiClassNonMaxSuppression/map/while/PadOrClipBoxList/strided_slice_14
Postprocessor/BatchMultiClassNonMaxSuppression/map/while/PadOrClipBoxList/sub_14/y
Postprocessor/BatchMultiClassNonMaxSuppression/map/while/PadOrClipBoxList/sub_14
Postprocessor/BatchMultiClassNonMaxSuppression/map/while/PadOrClipBoxList/Greater_7/y
Postprocessor/BatchMultiClassNonMaxSuppression/map/while/PadOrClipBoxList/Greater_7
Postprocessor/BatchMultiClassNonMaxSuppression/map/while/PadOrClipBoxList/Select_7/t
Postprocessor/BatchMultiClassNonMaxSuppression/map/while/PadOrClipBoxList/Select_7/e
Postprocessor/BatchMultiClassNonMaxSuppression/map/while/PadOrClipBoxList/Select_7
Postprocessor/BatchMultiClassNonMaxSuppression/map/while/PadOrClipBoxList/strided_slice_15/stack
Postprocessor/BatchMultiClassNonMaxSuppression/map/while/PadOrClipBoxList/strided_slice_15/stack_1
Postprocessor/BatchMultiClassNonMaxSuppression/map/while/PadOrClipBoxList/strided_slice_15/stack_2
Postprocessor/BatchMultiClassNonMaxSuppression/map/while/PadOrClipBoxList/strided_slice_15
Postprocessor/BatchMultiClassNonMaxSuppression/map/while/PadOrClipBoxList/sub_15/y
Postprocessor/BatchMultiClassNonMaxSuppression/map/while/PadOrClipBoxList/sub_15
Postprocessor/BatchMultiClassNonMaxSuppression/map/while/PadOrClipBoxList/Greater_8/y
Postprocessor/BatchMultiClassNonMaxSuppression/map/while/PadOrClipBoxList/Greater_8
Postprocessor/BatchMultiClassNonMaxSuppression/map/while/PadOrClipBoxList/Select_8/t
Postprocessor/BatchMultiClassNonMaxSuppression/map/while/PadOrClipBoxList/Select_8/e
Postprocessor/BatchMultiClassNonMaxSuppression/map/while/PadOrClipBoxList/Select_8
Postprocessor/BatchMultiClassNonMaxSuppression/map/while/PadOrClipBoxList/zeros_8/shape_as_tensor
Postprocessor/BatchMultiClassNonMaxSuppression/map/while/PadOrClipBoxList/zeros_8/Const
Postprocessor/BatchMultiClassNonMaxSuppression/map/while/PadOrClipBoxList/zeros_8
Postprocessor/BatchMultiClassNonMaxSuppression/map/while/PadOrClipBoxList/Slice_4/size
Postprocessor/BatchMultiClassNonMaxSuppression/map/while/PadOrClipBoxList/Slice_4
Postprocessor/BatchMultiClassNonMaxSuppression/map/while/PadOrClipBoxList/Shape_9
Postprocessor/BatchMultiClassNonMaxSuppression/map/while/PadOrClipBoxList/strided_slice_16/stack
Postprocessor/BatchMultiClassNonMaxSuppression/map/while/PadOrClipBoxList/strided_slice_16/stack_1
Postprocessor/BatchMultiClassNonMaxSuppression/map/while/PadOrClipBoxList/strided_slice_16/stack_2
Postprocessor/BatchMultiClassNonMaxSuppression/map/while/PadOrClipBoxList/strided_slice_16
Postprocessor/BatchMultiClassNonMaxSuppression/map/while/PadOrClipBoxList/sub_16/x
Postprocessor/BatchMultiClassNonMaxSuppression/map/while/PadOrClipBoxList/sub_16
Postprocessor/BatchMultiClassNonMaxSuppression/map/while/PadOrClipBoxList/strided_slice_17/stack
Postprocessor/BatchMultiClassNonMaxSuppression/map/while/PadOrClipBoxList/strided_slice_17/stack_1
Postprocessor/BatchMultiClassNonMaxSuppression/map/while/PadOrClipBoxList/strided_slice_17/stack_2
Postprocessor/BatchMultiClassNonMaxSuppression/map/while/PadOrClipBoxList/strided_slice_17
Postprocessor/BatchMultiClassNonMaxSuppression/map/while/PadOrClipBoxList/sub_17/x
Postprocessor/BatchMultiClassNonMaxSuppression/map/while/PadOrClipBoxList/sub_17
Postprocessor/BatchMultiClassNonMaxSuppression/map/while/PadOrClipBoxList/zeros_9/shape_as_tensor
Postprocessor/BatchMultiClassNonMaxSuppression/map/while/PadOrClipBoxList/zeros_9/Const
Postprocessor/BatchMultiClassNonMaxSuppression/map/while/PadOrClipBoxList/zeros_9
Postprocessor/BatchMultiClassNonMaxSuppression/map/while/PadOrClipBoxList/stack_4/values_1
Postprocessor/BatchMultiClassNonMaxSuppression/map/while/PadOrClipBoxList/stack_4
Postprocessor/BatchMultiClassNonMaxSuppression/map/while/PadOrClipBoxList/Pad_4
Postprocessor/BatchMultiClassNonMaxSuppression/map/while/PadOrClipBoxList/Shape_10
Postprocessor/BatchMultiClassNonMaxSuppression/map/while/PadOrClipBoxList/strided_slice_18/stack
Postprocessor/BatchMultiClassNonMaxSuppression/map/while/PadOrClipBoxList/strided_slice_18/stack_1
Postprocessor/BatchMultiClassNonMaxSuppression/map/while/PadOrClipBoxList/strided_slice_18/stack_2
Postprocessor/BatchMultiClassNonMaxSuppression/map/while/PadOrClipBoxList/strided_slice_18
Postprocessor/BatchMultiClassNonMaxSuppression/map/while/PadOrClipBoxList/sub_18/y
Postprocessor/BatchMultiClassNonMaxSuppression/map/while/PadOrClipBoxList/sub_18
Postprocessor/BatchMultiClassNonMaxSuppression/map/while/PadOrClipBoxList/Greater_9/y
Postprocessor/BatchMultiClassNonMaxSuppression/map/while/PadOrClipBoxList/Greater_9
Postprocessor/BatchMultiClassNonMaxSuppression/map/while/PadOrClipBoxList/Select_9/t
Postprocessor/BatchMultiClassNonMaxSuppression/map/while/PadOrClipBoxList/Select_9/e
Postprocessor/BatchMultiClassNonMaxSuppression/map/while/PadOrClipBoxList/Select_9
Postprocessor/BatchMultiClassNonMaxSuppression/map/while/PadOrClipBoxList/zeros_10/shape_as_tensor
Postprocessor/BatchMultiClassNonMaxSuppression/map/while/PadOrClipBoxList/zeros_10/Const
Postprocessor/BatchMultiClassNonMaxSuppression/map/while/PadOrClipBoxList/zeros_10
Postprocessor/BatchMultiClassNonMaxSuppression/map/while/PadOrClipBoxList/Slice_5/size
Postprocessor/BatchMultiClassNonMaxSuppression/map/while/PadOrClipBoxList/Slice_5
Postprocessor/BatchMultiClassNonMaxSuppression/map/while/PadOrClipBoxList/Shape_11
Postprocessor/BatchMultiClassNonMaxSuppression/map/while/PadOrClipBoxList/strided_slice_19/stack
Postprocessor/BatchMultiClassNonMaxSuppression/map/while/PadOrClipBoxList/strided_slice_19/stack_1
Postprocessor/BatchMultiClassNonMaxSuppression/map/while/PadOrClipBoxList/strided_slice_19/stack_2
Postprocessor/BatchMultiClassNonMaxSuppression/map/while/PadOrClipBoxList/strided_slice_19
Postprocessor/BatchMultiClassNonMaxSuppression/map/while/PadOrClipBoxList/sub_19/x
Postprocessor/BatchMultiClassNonMaxSuppression/map/while/PadOrClipBoxList/sub_19
Postprocessor/BatchMultiClassNonMaxSuppression/map/while/PadOrClipBoxList/zeros_11/shape_as_tensor
Postprocessor/BatchMultiClassNonMaxSuppression/map/while/PadOrClipBoxList/zeros_11/Const
Postprocessor/BatchMultiClassNonMaxSuppression/map/while/PadOrClipBoxList/zeros_11
Postprocessor/BatchMultiClassNonMaxSuppression/map/while/PadOrClipBoxList/stack_5/values_1
Postprocessor/BatchMultiClassNonMaxSuppression/map/while/PadOrClipBoxList/stack_5
Postprocessor/BatchMultiClassNonMaxSuppression/map/while/PadOrClipBoxList/Pad_5
Postprocessor/BatchMultiClassNonMaxSuppression/map/while/TensorArrayWrite/TensorArrayWriteV3/Enter
Postprocessor/BatchMultiClassNonMaxSuppression/map/while/TensorArrayWrite/TensorArrayWriteV3
Postprocessor/BatchMultiClassNonMaxSuppression/map/while/TensorArrayWrite_1/TensorArrayWriteV3/Enter
Postprocessor/BatchMultiClassNonMaxSuppression/map/while/TensorArrayWrite_1/TensorArrayWriteV3
Postprocessor/BatchMultiClassNonMaxSuppression/map/while/TensorArrayWrite_2/TensorArrayWriteV3/Enter
Postprocessor/BatchMultiClassNonMaxSuppression/map/while/TensorArrayWrite_2/TensorArrayWriteV3
Postprocessor/BatchMultiClassNonMaxSuppression/map/while/TensorArrayWrite_5/TensorArrayWriteV3/Enter
Postprocessor/BatchMultiClassNonMaxSuppression/map/while/TensorArrayWrite_5/TensorArrayWriteV3
Postprocessor/BatchMultiClassNonMaxSuppression/map/while/TensorArrayWrite_6/TensorArrayWriteV3/Enter
Postprocessor/BatchMultiClassNonMaxSuppression/map/while/TensorArrayWrite_6/TensorArrayWriteV3
Postprocessor/BatchMultiClassNonMaxSuppression/map/while/add_1/y
Postprocessor/BatchMultiClassNonMaxSuppression/map/while/add_1
Postprocessor/BatchMultiClassNonMaxSuppression/map/while/NextIteration
Postprocessor/BatchMultiClassNonMaxSuppression/map/while/NextIteration_1
Postprocessor/BatchMultiClassNonMaxSuppression/map/while/NextIteration_2
Postprocessor/BatchMultiClassNonMaxSuppression/map/while/NextIteration_3
Postprocessor/BatchMultiClassNonMaxSuppression/map/while/NextIteration_4
Postprocessor/BatchMultiClassNonMaxSuppression/map/while/NextIteration_7
Postprocessor/BatchMultiClassNonMaxSuppression/map/while/NextIteration_8
Postprocessor/BatchMultiClassNonMaxSuppression/map/while/Exit_2
Postprocessor/BatchMultiClassNonMaxSuppression/map/while/Exit_3
Postprocessor/BatchMultiClassNonMaxSuppression/map/while/Exit_4
Postprocessor/BatchMultiClassNonMaxSuppression/map/while/Exit_7
Postprocessor/BatchMultiClassNonMaxSuppression/map/while/Exit_8
Postprocessor/BatchMultiClassNonMaxSuppression/map/TensorArrayStack/TensorArraySizeV3
Postprocessor/BatchMultiClassNonMaxSuppression/map/TensorArrayStack/range/start
Postprocessor/BatchMultiClassNonMaxSuppression/map/TensorArrayStack/range/delta
Postprocessor/BatchMultiClassNonMaxSuppression/map/TensorArrayStack/range
Postprocessor/BatchMultiClassNonMaxSuppression/map/TensorArrayStack/TensorArrayGatherV3
Postprocessor/BatchMultiClassNonMaxSuppression/map/TensorArrayStack_1/TensorArraySizeV3
Postprocessor/BatchMultiClassNonMaxSuppression/map/TensorArrayStack_1/range/start
Postprocessor/BatchMultiClassNonMaxSuppression/map/TensorArrayStack_1/range/delta
Postprocessor/BatchMultiClassNonMaxSuppression/map/TensorArrayStack_1/range
Postprocessor/BatchMultiClassNonMaxSuppression/map/TensorArrayStack_1/TensorArrayGatherV3
Postprocessor/BatchMultiClassNonMaxSuppression/map/TensorArrayStack_2/TensorArraySizeV3
Postprocessor/BatchMultiClassNonMaxSuppression/map/TensorArrayStack_2/range/start
Postprocessor/BatchMultiClassNonMaxSuppression/map/TensorArrayStack_2/range/delta
Postprocessor/BatchMultiClassNonMaxSuppression/map/TensorArrayStack_2/range
Postprocessor/BatchMultiClassNonMaxSuppression/map/TensorArrayStack_2/TensorArrayGatherV3
Postprocessor/BatchMultiClassNonMaxSuppression/map/TensorArrayStack_5/TensorArraySizeV3
Postprocessor/BatchMultiClassNonMaxSuppression/map/TensorArrayStack_5/range/start
Postprocessor/BatchMultiClassNonMaxSuppression/map/TensorArrayStack_5/range/delta
Postprocessor/BatchMultiClassNonMaxSuppression/map/TensorArrayStack_5/range
Postprocessor/BatchMultiClassNonMaxSuppression/map/TensorArrayStack_5/TensorArrayGatherV3
Postprocessor/BatchMultiClassNonMaxSuppression/map/TensorArrayStack_6/TensorArraySizeV3
Postprocessor/BatchMultiClassNonMaxSuppression/map/TensorArrayStack_6/range/start
Postprocessor/BatchMultiClassNonMaxSuppression/map/TensorArrayStack_6/range/delta
Postprocessor/BatchMultiClassNonMaxSuppression/map/TensorArrayStack_6/range
Postprocessor/BatchMultiClassNonMaxSuppression/map/TensorArrayStack_6/TensorArrayGatherV3
Postprocessor/Cast_4
Postprocessor/Squeeze
add/y
add
detection_boxes
detection_scores
detection_multiclass_scores
detection_classes
num_detections
raw_detection_boxes
raw_detection_scores
